,,,,spd,spd,eod,eod,aod,aod,trace_distance_input,trace_distance_input,qsp_diff_output,qsp_diff_output
,,,,mean,std,mean,std,mean,std,mean,std,mean,std
dataset,configuration,model,attribute,,,,,,,,,,
heart_disease,L1_all_to_all,MLP,age,0.006802721088435367,0.011782658554890309,0.010752688172043,0.01862420223192339,0.0053763440860215,0.009312101115961695,0.09378858954186986,0.040929824494863216,0.14758256586660004,0.12388452312229914
heart_disease,L1_all_to_all,MLP,overall,0.010752688172043,0.01862420223192339,0.0144927536231884,0.02510218561694024,0.0072463768115942,0.01255109280847012,0.09378858954186986,0.040929824494863216,0.14758256586660004,0.12388452312229914
heart_disease,L1_all_to_all,MLP,sex,0.005555555555555533,0.009622504486493724,0.0087719298245614,0.015193428136569093,0.0043859649122807,0.0075967140682845465,0.09378858954186986,0.040929824494863216,0.14758256586660004,0.12388452312229914
heart_disease,L1_all_to_all,RandomForest,age,0.04233649499518307,0.06948541671476346,0.11117084826762241,0.1689214584725846,0.037008332365929965,0.08617713908070436,0.09378858954186986,0.040929824494863216,0.14758256586660004,0.12388452312229914
heart_disease,L1_all_to_all,RandomForest,overall,0.0626936395115728,0.07364323629248852,0.04519450800915328,0.04607661015666585,0.041115772523095194,0.07650383300038718,0.09378858954186986,0.040929824494863216,0.14758256586660004,0.12388452312229914
heart_disease,L1_all_to_all,RandomForest,sex,0.038888888888888896,0.03469443332443556,-0.07792397660818717,0.1642813690467099,-0.0008667502088554671,0.01776336048707287,0.09378858954186986,0.040929824494863216,0.14758256586660004,0.12388452312229914
heart_disease,L1_all_to_all,XGBoost_stub,age,0.016491007855952537,0.1761196595383276,0.10630938157819876,0.19243702740204735,0.04993209102044701,0.15772424287396772,0.09378858954186986,0.040929824494863216,0.14758256586660004,0.12388452312229914
heart_disease,L1_all_to_all,XGBoost_stub,overall,0.015855658829961733,0.110280345321233,0.029450437688423967,0.06575469856462782,0.05856859317539113,0.056910710547758876,0.09378858954186986,0.040929824494863216,0.14758256586660004,0.12388452312229914
heart_disease,L1_all_to_all,XGBoost_stub,sex,-0.0034562211981566666,0.017709155052953205,-0.1010406841476451,0.19289014212108815,0.0022993292942358975,0.09330521848084028,0.09378858954186986,0.040929824494863216,0.14758256586660004,0.12388452312229914
heart_disease,L1_linear,MLP,age,0.0204081632653061,0.035347975664670926,0.03225806451612903,0.05587260669577023,0.0161290322580645,0.02793630334788509,0.013077822768314132,0.01481431771913642,0.005320768708353967,0.002538003472312866
heart_disease,L1_linear,MLP,overall,0.03225806451612903,0.05587260669577023,0.043478260869565195,0.07530655685082072,0.021739130434782598,0.03765327842541036,0.013077822768314132,0.01481431771913642,0.005320768708353967,0.002538003472312866
heart_disease,L1_linear,MLP,sex,0.016666666666666666,0.02886751345948129,0.0263157894736842,0.04558028440970728,0.0131578947368421,0.02279014220485364,0.013077822768314132,0.01481431771913642,0.005320768708353967,0.002538003472312866
heart_disease,L1_linear,RandomForest,age,0.048264201081956004,0.1112838346455998,0.0852888847512503,0.16501737414188214,0.0656734357993554,0.08715392304957695,0.013077822768314132,0.01481431771913642,0.005320768708353967,0.002538003472312866
heart_disease,L1_linear,RandomForest,overall,0.05157645343539274,0.11001211591232753,0.05530492898913947,0.07610812614211936,0.05956650799397906,0.07453889408284936,0.013077822768314132,0.01481431771913642,0.005320768708353967,0.002538003472312866
heart_disease,L1_linear,RandomForest,sex,-0.002892985151049633,0.11006453466602902,-0.037632836571716004,0.11725722620059233,-0.0222086353877525,0.06906398998089547,0.013077822768314132,0.01481431771913642,0.005320768708353967,0.002538003472312866
heart_disease,L1_linear,XGBoost_stub,age,-0.0810694758960173,0.1298552211660924,-0.14406326449337203,0.2548503700264081,-0.095215928457298,0.17742774729271377,0.013077822768314132,0.01481431771913642,0.005320768708353967,0.002538003472312866
heart_disease,L1_linear,XGBoost_stub,overall,-0.056314926189174365,0.049283095618698626,-0.0685427336457084,0.01978847918015686,-0.04480746577358733,0.07890396032118993,0.013077822768314132,0.01481431771913642,0.005320768708353967,0.002538003472312866
heart_disease,L1_linear,XGBoost_stub,sex,0.017639528929851465,0.06668795863867652,0.041294095453688,0.2955425095080616,0.0298461819259782,0.10177657037532417,0.013077822768314132,0.01481431771913642,0.005320768708353967,0.002538003472312866
heart_disease,L2_all_to_all,MLP,age,0.0,0.0,0.0,0.0,0.0,0.0,0.11612884904472372,0.028497749533430268,0.12626529222786745,0.10940474922328075
heart_disease,L2_all_to_all,MLP,overall,0.0,0.0,0.0,0.0,0.0,0.0,0.11612884904472372,0.028497749533430268,0.12626529222786745,0.10940474922328075
heart_disease,L2_all_to_all,MLP,sex,0.0,0.0,0.0,0.0,0.0,0.0,0.11612884904472372,0.028497749533430268,0.12626529222786745,0.10940474922328075
heart_disease,L2_all_to_all,RandomForest,age,-0.005041870213813869,0.25864200661645825,-0.13812316715542525,0.1212931728509039,-0.02846998706506347,0.15769699745639157,0.11612884904472372,0.028497749533430268,0.12626529222786745,0.10940474922328075
heart_disease,L2_all_to_all,RandomForest,overall,-0.025514853289593593,0.18876733787610506,-0.10061082658336656,0.0648201890090461,-0.01961175058582543,0.1067308512901477,0.11612884904472372,0.028497749533430268,0.12626529222786745,0.10940474922328075
heart_disease,L2_all_to_all,RandomForest,sex,0.003046594982078866,0.02888419699174112,0.053180217569012124,0.29655662021812884,0.0214977101437203,0.11075626574527203,0.11612884904472372,0.028497749533430268,0.12626529222786745,0.10940474922328075
heart_disease,L2_all_to_all,XGBoost_stub,age,-0.11009449571788606,0.06789886443237664,-0.12191112352402673,0.16176089518923184,-0.0845171366393777,0.08548919678999987,0.11612884904472372,0.028497749533430268,0.12626529222786745,0.10940474922328075
heart_disease,L2_all_to_all,XGBoost_stub,overall,-0.06342263531984683,0.005681960002959693,-0.0099851076967782,0.09620957683470666,-0.0226746120792278,0.04686873741775765,0.11612884904472372,0.028497749533430268,0.12626529222786745,0.10940474922328075
heart_disease,L2_all_to_all,XGBoost_stub,sex,0.034741423451100865,0.08784737714356862,0.1373482990630698,0.14567097663238707,0.08824892959018593,0.10016115460669446,0.11612884904472372,0.028497749533430268,0.12626529222786745,0.10940474922328075
heart_disease,L2_all_to_all_re_upload,MLP,age,0.0,0.0,0.0,0.0,0.0,0.0,0.2381968084159598,0.08381107112897726,0.19730698659043788,0.13549328952801376
heart_disease,L2_all_to_all_re_upload,MLP,overall,0.0,0.0,0.0,0.0,0.0,0.0,0.2381968084159598,0.08381107112897726,0.19730698659043788,0.13549328952801376
heart_disease,L2_all_to_all_re_upload,MLP,sex,0.0,0.0,0.0,0.0,0.0,0.0,0.2381968084159598,0.08381107112897726,0.19730698659043788,0.13549328952801376
heart_disease,L2_all_to_all_re_upload,RandomForest,age,-0.08592214481473685,0.18538557899825525,0.035129585667220055,0.3209636710592893,-0.03029363528797603,0.199200666893956,0.2381968084159598,0.08381107112897726,0.19730698659043788,0.13549328952801376
heart_disease,L2_all_to_all_re_upload,RandomForest,overall,-0.08365226899945323,0.19382696573182212,0.02858535226956273,0.25045370094327335,-0.03921211852854987,0.17797234691805655,0.2381968084159598,0.08381107112897726,0.19730698659043788,0.13549328952801376
heart_disease,L2_all_to_all_re_upload,RandomForest,sex,-0.043958013312851964,0.07445444635507312,0.017831541218638,0.11570085257084617,0.007430875576036865,0.07898431742487927,0.2381968084159598,0.08381107112897726,0.19730698659043788,0.13549328952801376
heart_disease,L2_all_to_all_re_upload,XGBoost_stub,age,0.0532540983230273,0.12767502271763903,0.05795642032201164,0.17626736380740993,0.062899150331946,0.12119748340334355,0.2381968084159598,0.08381107112897726,0.19730698659043788,0.13549328952801376
heart_disease,L2_all_to_all_re_upload,XGBoost_stub,overall,0.00236923637689083,0.07162244693604433,0.0011816982068697662,0.07665345522114984,0.009137857650443434,0.0477517495703003,0.2381968084159598,0.08381107112897726,0.19730698659043788,0.13549328952801376
heart_disease,L2_all_to_all_re_upload,XGBoost_stub,sex,-0.07089093701996924,0.05310169884762597,-0.09410016977928688,0.11948535460938546,-0.08088846872802731,0.09380283867934648,0.2381968084159598,0.08381107112897726,0.19730698659043788,0.13549328952801376
heart_disease,L2_linear,MLP,age,0.025883524141363867,0.044831578891777815,0.0315412186379928,0.05463099321364195,0.0157706093189964,0.027315496606820974,0.053998821940961735,0.043257560946753794,0.010311110541473099,0.013697248538920733
heart_disease,L2_linear,MLP,overall,0.04811372334609074,0.083335413376742,0.0579710144927536,0.10040874246776096,0.0289855072463768,0.05020437123388048,0.053998821940961735,0.043257560946753794,0.010311110541473099,0.013697248538920733
heart_disease,L2_linear,MLP,sex,0.03333333333333333,0.05773502691896258,0.0526315789473684,0.09116056881941456,0.0263157894736842,0.04558028440970728,0.053998821940961735,0.043257560946753794,0.010311110541473099,0.013697248538920733
heart_disease,L2_linear,RandomForest,age,-0.13074006234133484,0.1525047869530394,-0.11583138088514427,0.11941857632332606,-0.11389859642547806,0.12416516939402787,0.053998821940961735,0.043257560946753794,0.010311110541473099,0.013697248538920733
heart_disease,L2_linear,RandomForest,overall,-0.09659194459631852,0.16966457358847525,-0.09578414635622869,0.14416073206629706,-0.06078728546357057,0.14589300016814052,0.053998821940961735,0.043257560946753794,0.010311110541473099,0.013697248538920733
heart_disease,L2_linear,RandomForest,sex,0.05896057347670253,0.13860162221732236,-0.01816166760988493,0.13204888084405886,0.0686562140933957,0.08641457821629686,0.053998821940961735,0.043257560946753794,0.010311110541473099,0.013697248538920733
heart_disease,L2_linear,XGBoost_stub,age,0.0009573192045544318,0.0709364681467383,0.03784180773428087,0.09821391896306778,0.016034614961114625,0.019509998963416916,0.053998821940961735,0.043257560946753794,0.010311110541473099,0.013697248538920733
heart_disease,L2_linear,XGBoost_stub,overall,-0.039183524694733,0.1270222899589452,-0.04529197389609283,0.009487648373989004,-0.015029247319111668,0.058439120492547694,0.053998821940961735,0.043257560946753794,0.010311110541473099,0.013697248538920733
heart_disease,L2_linear,XGBoost_stub,sex,-0.031618023553507436,0.12620588609588276,-0.1799754763252216,0.09836302541966715,-0.047783437087342,0.06967368100429322,0.053998821940961735,0.043257560946753794,0.010311110541473099,0.013697248538920733
heart_disease,L2_re_upload,MLP,age,0.006802721088435367,0.011782658554890309,0.010752688172043,0.01862420223192339,0.0053763440860215,0.009312101115961695,0.06044516458599497,0.04727214137525091,0.006282864597478367,0.004626931719692655
heart_disease,L2_re_upload,MLP,overall,0.010752688172043,0.01862420223192339,0.0144927536231884,0.02510218561694024,0.0072463768115942,0.01255109280847012,0.06044516458599497,0.04727214137525091,0.006282864597478367,0.004626931719692655
heart_disease,L2_re_upload,MLP,sex,0.005555555555555533,0.009622504486493724,0.0087719298245614,0.015193428136569093,0.0043859649122807,0.0075967140682845465,0.06044516458599497,0.04727214137525091,0.006282864597478367,0.004626931719692655
heart_disease,L2_re_upload,RandomForest,age,-0.08135491736461287,0.08930426227397091,-0.037822929758413594,0.045049618992535,-0.06410778902289938,0.07939447745711663,0.06044516458599497,0.04727214137525091,0.006282864597478367,0.004626931719692655
heart_disease,L2_re_upload,RandomForest,overall,-0.050482959722981564,0.06384854759146355,-0.021048999309868904,0.05830587012112738,-0.026778582067553434,0.04605745484436334,0.06044516458599497,0.04727214137525091,0.006282864597478367,0.004626931719692655
heart_disease,L2_re_upload,RandomForest,sex,0.011213517665130568,0.10732689324021037,0.0030418788907753355,0.11643472853299965,0.02911717833194917,0.09990898279240257,0.06044516458599497,0.04727214137525091,0.006282864597478367,0.004626931719692655
heart_disease,L2_re_upload,XGBoost_stub,age,-0.06627209835057123,0.07183012693713176,-0.05363620847491817,0.2256511087557913,-0.03639225328529237,0.13578473354932,0.06044516458599497,0.04727214137525091,0.006282864597478367,0.004626931719692655
heart_disease,L2_re_upload,XGBoost_stub,overall,-0.038454528886458866,0.06460256216254177,-0.018241860690373268,0.12196466889523676,-0.00321793541780147,0.07029488099636791,0.06044516458599497,0.04727214137525091,0.006282864597478367,0.004626931719692655
heart_disease,L2_re_upload,XGBoost_stub,sex,0.03381976446492573,0.09358285257634641,0.03383009495063823,0.07765451530408578,0.05547111506364474,0.06645426110752492,0.06044516458599497,0.04727214137525091,0.006282864597478367,0.004626931719692655
