duration,credit_amount,installment_rate,residence_since,age,existing_credits,num_dependents,credit_risk_good,overall
69.91747025442534,17842.706843903783,2.108039769083204,2.8789049898998895,27.28498247840902,3.589699454626992,1.9763103011439282,0,0
71.93042448152545,17710.52125759173,3.4760860281185257,3.2532394964332605,39.78085726609581,1.9602388280459024,1.9763103011439282,0,0
69.91747025442534,17755.378452738063,3.9311399656952037,1.102176317390755,20.09426443617202,3.379205649119758,1.7815956931821502,0,0
71.93042448152545,18171.20167716769,3.9127331730874193,3.533346442974763,64.77685272210923,3.829140482827362,1.9763103011439282,0,0
62.465387691268894,15574.565244029562,3.508398662601471,2.234320803724682,41.35360895305999,3.696912767093503,1.9763103011439282,0,0
67.99269407916869,17301.723296281496,3.5503268715580845,3.2532394964332605,66.3468316585551,3.946524734935228,1.9763103011439282,0,1
69.91747025442534,17788.475209036154,3.936766475710047,3.533346442974764,66.54631787330996,3.9614399287516724,1.9763103011439282,0,1
51.17800281430578,12524.583110370546,3.8124840897273766,2.1355227603657405,41.859383729858266,3.589699454626992,1.0236896988565214,1,0
67.99269407916869,17227.830558650934,1.0724564490516255,1.1021763173907373,72.16032266321957,3.322170342330714,1.78159569318215,1,1
71.93042448152545,18405.071510455793,3.950132780176359,1.1021763173907557,20.559394124910863,3.3640064865121286,1.2184043068181154,1,0
65.70376255437671,13227.677234975654,1.7379761328152268,1.466653557025523,64.24097837862152,3.7890742070488495,1.9763103011439282,0,1
65.49268387769001,16683.432061289186,3.94991136709543,1.1021763173907557,23.091263187634837,1.959774900738732,1.3052853920383924,0,0
63.52968639090951,15961.178344430515,3.5262562110403035,1.481081307291261,20.50061553354506,3.964688771867582,1.9763103011439282,0,0
68.16121828736547,16904.68655449745,1.1385666581721985,3.897823682608858,30.65094318208996,3.034242339444198,1.7815956931821502,1,0
71.23009685509521,18217.43290248864,3.9500556056325298,3.5333464429747634,63.00834694055215,3.696912767093503,1.9763103011439282,1,1
71.93042448152545,18358.663743744655,3.942711420112645,3.5333464429747634,63.650857538607056,3.7449520269034395,1.9763103011439282,1,0
65.49268387769003,16677.022309154137,2.1073186292405817,2.21989305345895,55.250688361375275,2.8647054298729264,1.7815956931821502,1,0
68.70025875840956,17456.239011371716,2.1110145587411906,2.878904989899889,41.88254056288534,2.7828550748987393,1.9763103011439282,0,1
62.46538769126889,15557.029789417564,3.8795024904639455,3.533346442974764,59.957174010338534,3.468782539260196,1.0236896988565198,0,0
70.04020784504482,16359.582088836678,3.6892786602442174,3.533346442974764,60.78747788404168,3.10944830641073,1.7815956931821502,0,1
67.99269407916869,17071.137671139102,2.1207230259067438,2.5987980433587814,39.984431190686344,3.9871488365725485,1.0236896988565207,1,0
42.09771143590967,8553.560287359,1.7438055730721773,1.4810813072912619,33.4175234998084,3.2507382237187255,1.9763103011439282,1,1
65.49268387769003,16599.856612153846,3.5448635849745016,1.4810813072912605,31.88069581693025,3.3356826213614825,1.9763103011439282,1,0
67.99269407916869,17244.780096082097,3.5428176372636724,3.5189186927090352,65.65053413673087,3.5308627347165435,1.9763103011439282,1,0
67.99269407916869,17351.84759060852,3.9499796827175304,3.8978236826096495,69.52387199032802,3.7449520269034395,1.9763103011439282,1,1
70.04020784504482,17392.33339387261,3.8641757383960034,3.533346442974764,63.00834694055216,3.207617449210728,1.78159569318215,1,1
55.381770410665325,13610.98650025238,3.472542073987564,1.4810813072912619,26.282529832520446,3.645107576903216,1.9763103011439282,0,0
51.17800281430576,11735.907716704523,1.5122521980196963,1.1021763173907384,72.7597882341227,3.3417592331506785,1.78159569318215,1,1
67.99269407916869,15886.931290888653,2.1787957202006862,2.8789049898998895,23.830940014632027,3.780613217950524,1.9763103011439282,0,0
69.91747025442534,17800.213724711844,3.9387620451674827,1.1021763173907546,40.404758934674376,2.8645358460446815,1.9763103011439282,0,0
67.99269407916869,17265.88151653723,3.9344274143309903,1.102176317390755,22.42681209203007,1.9447614283878323,1.6947146079614244,1,0
62.465387691268894,15862.030192659151,3.947146670654227,1.1021763173907557,20.500615533545073,1.9012384378103413,1.3052853920383922,0,0
70.04020784504482,17241.7690735395,3.8386775767652566,1.1021763173907573,27.284982478409077,3.589699454626992,1.9763103011439282,0,1
67.99269407916869,17283.438425008913,2.1103119379549558,2.1210950101000003,65.65053413673087,3.530862734716543,1.9763103011439282,1,1
62.46538769126889,15289.00450059439,1.1799412044955557,2.8644772396341596,40.19569630493425,3.3527294663671725,1.2184043068181147,1,0
65.70376255437671,16533.556289999437,1.0904902094628262,1.4666535570255224,66.77107201545005,3.978244356040986,1.0236896988565205,1,0
67.99269407916869,17269.11072714553,3.935011616303681,2.1355227603657387,42.194030181253105,3.518761645536684,1.9763103011439282,0,0
69.91747025442534,17602.819293567794,3.905204625409995,2.1355227603657374,40.02643774332185,3.978244356040986,1.0236896988565203,0,1
71.93042448152545,17918.451650052968,2.1280097783672405,2.5987980433587814,40.17607386514119,3.3551885912627486,1.7815956931821502,0,0
69.91747025442534,17744.65416786653,2.112558235360834,2.2198930534589527,60.787477884041685,3.5308627347165427,1.9763103011439282,1,1
71.93042448152545,18295.299034059466,3.9325783678407373,3.8978236826096495,62.11930418307411,3.335682621361482,1.9763103011439282,0,1
67.99269407916869,17352.741783191483,3.950141452615595,3.5333464429747634,66.73993663600885,3.372565022598904,1.78159569318215,1,1
71.93042448152545,18398.57067654911,3.9490931906301485,1.1021763173907568,20.25536572786766,3.978244356040986,1.9763103011439282,0,1
67.99269407916869,17350.272186377908,2.1070344546908704,2.5987980433587814,40.95875521823723,3.780613217950524,1.023689698856521,1,0
71.93042448152545,18388.201240380407,2.1076469934511577,2.8789049898998904,25.345262012504428,3.696912767093503,1.9763103011439282,0,1
69.91747025442534,17858.28782981402,3.9486347508494988,3.533346442974764,66.34683165855512,3.946524734935228,1.9763103011439282,0,0
70.04020784504482,17072.557488675015,2.144895357456654,2.8789049898998904,29.47263072856724,3.4687825392601965,1.9763103011439282,0,1
67.99269407916869,17260.968661165953,1.0664613786741326,2.86447723963416,40.9587552182372,3.257101339066008,1.2184043068181147,1,0
65.7037625543767,7993.671451059698,2.763102887734045,3.897823682608858,20.255365727867616,3.978244356040986,1.9763103011439282,1,1
71.93042448152545,18340.301197529083,3.549498321615105,3.2532394964332596,59.0861020735062,3.034242339444198,1.7815956931821502,0,1
70.04020784504482,17864.08565245537,3.9440672778550208,3.8978236826096495,66.71501752159668,3.5896994546269916,1.9763103011439282,0,1
71.93042448152545,18266.01384489274,3.9278951876590007,1.1021763173907546,32.13120856440817,2.985871326384801,1.7815956931821497,0,1
71.75216675989886,16060.736684015477,1.419085941144178,3.897823682608858,36.114178174555796,3.101687221092356,1.9763103011439282,0,0
65.70376255437671,15605.641765851975,2.167191237341682,2.8789049898998895,20.297483036197093,3.9759164246624477,1.023689698856521,1,0
67.99269407916869,17306.010922367226,2.10920499767799,2.5987980433587814,40.91884081978941,3.7890742070488495,1.9763103011439282,0,1
65.70376255437671,16544.190795796127,3.911592653428361,1.1021763173907546,20.50061553354504,3.964688771867582,1.9763103011439282,0,0
65.70376255437671,16721.322444850695,3.9462854680879804,1.102176317390757,24.643515276069742,3.7357001044692737,1.9763103011439282,1,0
70.04020784504482,17580.651280205733,2.1215710573678566,2.121095010100002,62.11930418307413,3.3356826213614825,1.9763103011439282,0,1
67.99269407916869,17040.496541425586,3.8936526358954504,1.1021763173907564,29.472630728567296,3.468782539260197,1.9763103011439282,1,0
67.99269407916869,17329.538182513406,3.5539948862965685,1.4810813072912627,20.904497141789697,3.942365202144347,1.9763103011439282,0,0
71.93042448152545,15691.552364284844,2.224541786312726,2.8789049898998895,21.839677336787695,3.3221703423307143,1.2184043068181152,1,0
71.90539883413399,18365.10749744197,3.5531667178074566,3.2532394964332596,65.25679451013107,3.307005645867005,1.78159569318215,0,0
71.93042448152545,17909.288207649868,3.8708489304146987,1.1021763173907544,25.345262012504406,3.6969127670935027,1.9763103011439282,0,0
71.93042448152545,18257.11591518895,3.926472263333328,1.1021763173907568,36.1141781745558,2.8557188028380383,1.7815956931821502,1,1
63.52968639090952,16157.293612328467,3.556639528230024,3.2532394964332605,66.04302085783684,3.9238093960241605,1.9763103011439282,0,0
60.18254186779174,15215.50967295429,1.0620689767336193,1.4666535570255235,63.650857538607056,3.7449520269034395,1.0236896988565203,1,0
67.99269407916869,16941.506789265433,3.875744231798328,2.1355227603657414,43.458420612143186,1.7492617762813594,1.023689698856125,0,1
67.99269407916869,17089.411555693157,3.9025019341592033,3.5333464429747634,61.574401251446105,3.5896994546269916,1.9763103011439282,1,1
69.91747025442534,17789.515186043158,2.110490948612492,2.2198930534589523,65.67929366826066,3.896614225994459,1.9763103011439282,0,0
71.23009685509521,18213.914410820293,3.9494810831263547,3.5333464429747643,66.73993663600886,3.372565022598904,1.78159569318215,0,0
67.99269407916869,17050.379896004677,3.8954406503492214,1.1021763173907546,29.472630728567214,3.4687825392601965,1.9763103011439282,0,1
65.49268387769001,16594.179918264483,3.9322963268106306,3.5333464429747634,66.04302085783684,3.341759233150678,1.78159569318215,1,1
59.25217062929611,12528.428078531875,2.2791274097032272,2.87890498989989,21.331706265066632,3.918752260987347,1.023689698856521,1,0
69.91747025442534,17620.101659009626,1.0918573403805514,3.897823682608858,26.282529832520417,3.1769901073140043,1.7815956931821502,0,1
71.93042448152545,8982.200511352747,2.5567382346162364,3.897823682608858,30.650943182089968,3.034242339444198,1.78159569318215,1,0
32.704565060455174,9912.467101876075,2.65983758947693,2.8789049898998895,40.404758934674376,2.864535846044681,1.9763103011439282,0,0
71.90539883413399,18336.84604236817,1.0597152936338088,1.1021763173907384,68.65473798750185,3.696912767093503,1.9763103011439282,0,1
67.99269407916869,17311.107912452073,2.1089550446698384,2.8789049898998895,40.404758934674376,2.7155143905352475,1.7815956931821502,0,0
71.23009685509521,17873.28202643066,3.893860382664135,2.13552276036574,40.56054679158072,3.307005645867005,1.7815956931821502,0,0
71.23009685509521,18181.2105133035,2.108539883506773,2.2198930534589527,64.77685272210923,3.2857907643385844,1.7815956931821502,1,1
67.22112347927339,17094.515881937343,3.940482180973402,3.8978236826096495,59.52110507218366,3.192073509624797,1.9763103011439282,0,1
67.99269407916869,17347.265861462267,3.9491507943202557,3.533346442974764,64.24097837862153,3.78907420704885,1.9763103011439282,0,0
65.49268387769001,16615.094509589362,3.547055769811981,3.2532394964332596,62.31546816050434,3.176990107314003,1.78159569318215,0,1
67.99269407916869,17090.819338152436,3.9027566184736044,3.8978236826096495,66.71501752159668,3.589699454626992,1.9763103011439282,0,1
71.93042448152545,18295.54243599729,3.544280874805919,3.25323949643326,64.77685272210921,3.2857907643385844,1.7815956931821502,0,0
70.95322229249241,17740.044778940784,3.508574658336607,3.253239496433259,65.9753832033475,3.918752260987347,1.9763103011439282,1,1
71.23009685509521,18053.598723448722,3.923303681225279,3.533346442974763,65.67929366826066,3.896614225994459,1.9763103011439282,1,0
51.17800281430578,7545.294512003643,2.699975635139692,2.2198930534589514,60.78747788404168,3.5308627347165427,1.9763103011439282,1,1
71.75216675989886,18151.856439066585,2.1158740543670933,2.878904989899889,20.904497141789644,3.352729466367173,1.7815956931821497,0,0
65.70376255437671,14729.518938957095,3.556172971325408,1.1021763173907557,21.240211765884773,3.341759233150679,1.7815956931821502,0,0
62.4653876912689,15826.742120322768,1.0606796557979412,1.4666535570255235,58.908139170477476,3.3903482575933683,1.9763103011439282,0,1
32.70456506045514,9101.378701368492,2.4345555284048284,2.8789049898998895,20.29748303619707,3.9759164246624477,1.9763103011439282,0,0
66.38719352926736,16819.753571047928,3.930280147864563,3.5333464429747643,65.97538320334752,3.918752260987347,1.9763103011439282,0,0
64.53950345321687,16306.228102618272,3.538630682410863,1.4810813072912619,25.526432309551655,3.2016973007636165,1.2184043068181158,1,0
60.18254186779176,15027.354896345596,1.108093157268042,2.8644772396341596,42.73704525559872,3.4036541955203194,1.0236896988565205,1,1
65.49268387769001,16547.39600908017,2.1142534628222247,2.8789049898998895,23.830940014632002,3.780613217950524,1.9763103011439282,0,0
71.93042448152545,18391.394927400866,2.107508552964509,2.219893053458952,61.574401251446105,3.5896994546269916,1.9763103011439282,0,0
71.93042448152545,18324.276283461895,2.11041802332602,2.2198930534589527,59.957174010338534,3.4687825392601965,1.9763103011439282,0,1
71.23009685509521,18207.410488037953,3.5557993068787104,3.253239496433259,59.0861020735062,3.403654195520319,1.9763103011439282,0,1
71.23009685509521,17588.037584965463,1.1527162094758192,1.1021763173907373,72.26776885083146,3.896614225994459,1.9763103011439282,0,0
67.99269407916869,17252.577154311617,3.9320204995767716,3.8978236826096495,66.71501752159668,3.5896994546269916,1.9763103011439282,0,0
71.93042448152545,18362.128112548424,2.108777215818701,2.8789049898998895,27.284982478409056,3.5896994546269925,1.9763103011439282,0,1
67.99269407916869,17352.86289059948,3.950163362362354,1.1021763173907546,20.255365727867606,3.978244356040986,1.9763103011439282,0,0
62.46538769126889,15828.926984111637,1.0601950881768696,1.466653557025525,59.95717401033855,3.0727463588978825,1.7815956931821502,0,1
71.23009685509521,18048.92136541011,2.1143952309306298,2.1210950101000003,71.04702305423714,3.829140482827362,1.9763103011439282,0,0
62.465387691268894,15853.182273601738,1.0548156553780992,1.4666535570255226,57.232736516876614,3.2650816805030503,1.9763103011439282,0,1
64.53950345321688,16290.044106736726,1.0784428708266494,3.897823682608858,20.01781854272358,3.3817036912644287,1.7815956931821497,0,0
62.46538769126889,15688.800454886708,1.091272896899694,3.897823682608858,20.017818542723603,3.38170369126443,1.7815956931821502,0,1
63.52968639090951,16149.126342899335,2.107538308749115,2.2198930534589523,66.34683165855512,3.946524734935228,1.9763103011439282,0,0
67.99269407916869,17349.379235786273,3.9495331284566375,3.5333464429747634,63.00834694055215,3.6969127670935027,1.9763103011439282,0,1
66.38719352926736,16882.935037930838,1.0576431216999675,1.4666535570255248,65.25679451013109,3.865024790912282,1.0236896988565212,1,0
67.99269407916869,17037.424194097293,3.893096812325019,1.1021763173907544,30.891676347787303,3.390348257593369,1.9763103011439282,0,0
62.465387691268894,15524.906450699807,3.872378050989627,3.8978236826096495,67.71747016748559,3.645107576903216,1.9763103011439282,0,1
71.93042448152545,18177.53017896326,3.9137452039136633,2.135522760365739,39.98443119068632,3.9871488365725485,1.0236896988565205,0,1
69.91747025442534,17773.192432192664,3.93416837527416,3.533346442974764,66.9404329523014,3.9909071417937625,1.9763103011439282,0,0
65.49268387769001,16684.499271050245,2.10691862178518,2.8789049898998886,31.880695816930263,3.3356826213614825,1.9763103011439282,0,1
67.99269407916869,17222.15839741244,3.9265173906306927,1.1021763173907568,30.650943182089982,3.4036541955203194,1.9763103011439282,0,1
70.04020784504482,16201.082694558401,3.347337533434332,3.2532394964332596,66.89016675451008,3.9871488365725485,1.9763103011439282,0,0
71.23009685509521,18035.542482811852,3.920355339264967,1.1021763173907544,22.42681209203006,1.9447614283878323,1.6947146079614244,1,0
62.46538769126889,5881.147816205454,3.266452389396826,1.4666535570255224,59.08610207350619,3.403654195520319,1.9763103011439282,1,0
71.93042448152545,18375.314647156432,3.553579775274341,1.4810813072912619,34.47889492782001,3.192073509624797,1.9763103011439282,1,0
71.93042448152545,18371.607297787632,3.9447813058637733,3.8978236826096495,64.52736927143782,3.4687825392601965,1.9763103011439282,0,1
71.23009685509521,17908.058499273444,3.520168980336716,3.2532394964332596,66.3468316585551,3.3551885912627477,1.7815956931821497,0,0
71.93042448152545,18346.163431782927,3.940712416011582,2.135522760365739,39.96670152689116,3.3814275673974357,1.78159569318215,0,0
69.91747025442534,17654.041792252614,3.913912545281045,2.1355227603657383,40.41152481744048,3.325681389070195,1.2184043068181154,0,1
71.90539883413399,18089.17788980767,2.120329079140852,2.2198930534589523,59.957174010338534,3.4687825392601965,1.9763103011439282,0,1
65.49268387769001,15791.455896841877,2.154695247190584,2.8789049898998904,56.76544580009184,1.9602388280459033,1.0236896988565205,0,0
67.99269407916869,17162.520483063072,1.0842718056892333,3.897823682608858,35.83916650822543,3.116887819442726,1.9763103011439282,0,1
71.93042448152545,18280.92764450425,3.9302801478645635,1.102176317390756,20.25536572786764,3.3739413007281946,1.7815956931821502,0,1
51.17800281430576,8809.082205003895,2.558921902658204,2.2198930534589523,64.67462409490723,3.8214970484668447,1.9763103011439282,0,0
71.93042448152545,18372.680361042174,3.9449529062088775,1.102176317390757,33.41752349980838,3.250738223718726,1.9763103011439282,0,1
67.99269407916869,17352.303956744505,3.9500622446898674,1.102176317390756,20.09426443617201,3.3792056491197586,1.7815956931821502,0,0
71.90539883413399,17206.20911752612,1.2406560634688468,2.86447723963416,41.85938372985825,3.589699454626992,1.9763103011439282,0,0
71.93042448152545,18053.70979158225,1.1060556988903998,1.4666535570255217,65.25679451013107,3.865024790912282,1.9763103011439282,0,0
71.93042448152545,18394.662557798492,3.9484682185947424,1.102176317390756,20.29748303619706,3.372565022598904,1.78159569318215,0,1
71.93042448152545,18242.433948383838,3.9241243769809753,3.533346442974764,66.9466796703075,3.9913741966721763,1.9763103011439282,1,1
67.99269407916869,17335.0947495927,3.9469488978116267,3.5333464429747634,66.04302085783684,3.3417592331506785,1.7815956931821502,0,0
71.93042448152545,18381.127991816847,3.9463038203792222,1.1021763173907546,20.82924220658194,3.946524734935228,1.9763103011439282,0,0
71.93042448152545,16147.211286206237,2.204789806080635,2.87890498989989,20.904497141789626,3.3527294663671725,1.218404306818115,1,1
69.91747025442534,17496.414579934557,3.5111132458450336,3.25323949643326,63.650857538607056,3.7449520269034395,1.9763103011439282,1,0
71.30469382691848,18228.230932231785,3.948566946624126,3.5333464429747634,59.0861020735062,3.034242339444198,1.78159569318215,1,0
71.93042448152545,18338.982104915398,3.9395640045236764,1.1021763173907557,29.472630728567253,3.468782539260197,1.9763103011439282,1,0
69.91747025442534,17755.190999305632,2.112072676787067,2.598798043358781,43.73516919862171,3.192073509624797,1.9763103011439282,0,1
67.99269407916869,17236.222754673232,2.1126273630658297,2.8789049898998895,31.880695816930256,2.994057395939993,1.7815956931821502,0,1
71.93042448152545,18203.63517710635,3.9179198195957383,1.1021763173907557,23.09126318763486,3.8214970484668447,1.9763103011439282,1,1
71.93042448152545,17937.52375281786,3.5025472929940853,1.4810813072912608,25.34526201250441,3.6969127670935027,1.9763103011439282,1,0
66.38719352926736,16817.13884817356,3.929780360428847,3.533346442974764,59.0861020735062,3.4036541955203194,1.9763103011439282,0,1
62.4653876912689,15796.130055786123,1.0674689189841668,3.897823682608858,21.839677336787663,3.322170342330714,1.2184043068181147,1,0
65.49268387769001,16438.673970235133,3.521675205791989,3.2532394964332605,63.008346940552165,3.696912767093503,1.9763103011439282,1,0
65.49268387769004,16677.38165731404,2.107299404594925,2.87890498989989,25.526432309551623,3.6868990212943555,1.9763103011439282,0,0
70.04020784504482,10386.235207015816,2.6295229693269944,1.4810813072912608,20.094264436172008,1.8920568125477406,1.6947146079614248,1,0
69.91747025442534,17808.96154677133,3.940249191157937,1.1021763173907555,21.240211765884755,3.9238093960241605,1.0236896988565207,1,0
59.25217062929611,13685.745204141627,2.19903172055148,2.1210950101000017,72.26776885083146,3.325681389070195,1.78159569318215,0,0
62.465387691268894,15555.284584281617,2.126166214412459,2.1210950101000017,70.16905998537472,3.780613217950524,1.9763103011439282,0,1
71.93042448152545,18273.3089702016,3.541689160442007,2.2343208037246813,43.12301885669439,3.3218361409307753,1.9763103011439282,0,1
71.93042448152545,18090.247569476658,3.899787288715275,1.102176317390755,28.568400711959868,3.1022941159855444,1.78159569318215,0,0
69.91747025442534,17848.588489032638,2.1077687309407924,2.8789049898998886,25.345262012504417,3.2076174492107277,1.78159569318215,1,0
70.04020784504482,14622.881276366863,3.3951672936028214,3.8978236826096495,66.50803282257283,3.578258880790558,1.9763103011439282,1,0
70.95322229249241,14358.36406447372,3.1026887490118407,1.4810813072912605,20.02626857458548,3.381427567397435,1.2184043068181154,1,0
67.99269407916869,17239.96290180131,3.5421823824769816,3.5189186927090343,73.74463427214012,3.978244356040986,1.9763103011439282,1,0
71.93042448152545,18399.06130716418,3.9491716504809613,2.135522760365738,41.59799799302801,3.1769901073140034,1.78159569318215,0,0
65.7037625543767,16739.14980981784,3.949777116655449,3.8978236826096495,72.26776885083146,3.896614225994459,1.9763103011439282,1,1
65.49268387769004,16503.564808230276,1.0855877122679298,1.4666535570255237,63.650857538607056,3.74495202690344,1.9763103011439282,1,0
69.91747025442534,17757.276017955326,2.1119765948968254,2.2198930534589527,65.1658220798292,3.3029843887492163,1.78159569318215,0,0
71.23009685509521,18180.6482738552,1.055950830938782,2.8644772396341596,43.39075589321308,3.2650816805030507,1.9763103011439282,0,1
71.23009685509521,18213.155520938944,3.949357166585507,3.8978236826096495,72.26776885083146,3.896614225994459,1.9763103011439282,0,0
71.93042448152545,18270.898883237267,3.9286763850974693,3.5333464429747634,63.00834694055216,3.6969127670935027,1.9763103011439282,0,0
71.93042448152545,17939.013650696717,3.5027209676595144,1.4810813072912608,30.65094318208995,3.034242339444197,1.2184043068181154,0,0
62.46538769126888,15872.441560540497,3.949455744470222,2.135522760365739,40.91884081978941,3.7890742070488495,1.9763103011439282,0,0
71.93042448152545,12493.417725959685,2.363175069052791,2.87890498989989,23.09126318763486,3.8214970484668447,1.9763103011439282,0,0
69.91747025442534,17637.07649169475,1.088971587310282,1.4666535570255224,65.59986366778116,3.322170342330714,1.78159569318215,0,1
65.7037625543767,13960.646255562773,2.2545257734034077,2.2198930534589514,60.62562946929032,3.518761645536684,1.9763103011439282,0,1
71.23009685509521,16165.293836929193,3.312736672098322,2.23432080372468,41.353608953059975,3.6969127670935027,1.9763103011439282,0,0
67.99269407916869,17178.39377653222,3.534063116518472,1.4810813072912623,20.017818542723653,3.9913741966721763,1.9763103011439282,0,0
65.70376255437671,4119.641950988935,2.7769950080886145,2.5987980433587814,40.10571199822495,3.9614399287516724,1.9763103011439282,0,0
67.99269407916869,17334.909203401086,3.94691533033514,3.8978236826096495,62.11930418307413,3.3356826213614825,1.9763103011439282,0,1
65.49268387769003,16574.745877935446,3.928460772932696,1.102176317390755,20.119587944831174,3.378378146306617,1.78159569318215,0,1
65.49268387769001,16566.2664942449,3.9267872592193296,1.1021763173907555,28.349465863274542,3.530862734716542,1.9763103011439282,0,1
71.93042448152545,18277.802338829446,2.1124325837604263,2.87890498989989,20.500615533545066,3.3659272096774,1.7815956931821502,0,0
67.99269407916869,17058.62104631544,3.896931570841187,3.8978236826096495,59.52110507218366,3.1920735096247976,1.9763103011439282,1,0
71.93042448152545,17924.5144607318,3.5010308236557646,2.2343208037246822,41.59799799302803,3.1769901073140034,1.78159569318215,0,0
67.99269407916869,17231.942862826727,3.9282875148777956,3.533346442974764,66.89016675451008,3.379205649119758,1.78159569318215,0,1
70.04020784504482,17718.34840302029,2.1152500019496925,2.8789049898998895,33.158019376334316,3.2650816805030507,1.9763103011439282,1,0
65.49268387769001,16604.6038285708,2.1111929210378046,2.121095010100002,67.71747016748559,3.645107576903216,1.9763103011439282,0,0
71.3046938269185,17870.54818709577,3.8902929679218587,3.5333464429747643,66.58977016923724,3.964688771867582,1.023689698856521,0,1
71.93042448152545,15657.9166792998,2.225999831690432,2.1210950101000017,64.29717312312292,3.4560590092404437,1.9763103011439282,1,1
67.99269407916869,17281.605185014414,3.937272009885923,3.8978236826096495,72.26776885083146,3.896614225994459,1.9763103011439282,0,1
71.23009685509521,18195.345829717062,3.9464490828384147,2.1355227603657387,40.560546791580705,3.865024790912282,1.9763103011439282,0,0
51.17800281430579,11983.176545770559,3.589560489774925,2.135522760365739,43.804965486604274,3.177278206308465,1.9763103011439282,1,0
62.46538769126889,15873.857880118425,2.1070140737287066,2.2198930534589536,63.65085753860705,3.74495202690344,1.9763103011439282,0,0
71.23009685509521,17869.975009939644,2.1223157073884367,2.8789049898998895,46.39365686438198,2.5335141362910867,1.9763103011439282,0,1
51.17800281430579,11924.506170551876,3.2766065696346622,3.2532394964332596,59.95717401033853,3.4687825392601965,1.9763103011439282,1,0
67.99269407916869,17117.93366385384,1.0923380828379265,2.8644772396341605,40.72982966788285,3.829140482827362,1.0236896988565212,1,0
69.91747025442534,17792.232294035904,3.9374051871350377,1.1021763173907564,20.904497141789705,3.352729466367173,1.2184043068181158,1,0
67.99269407916869,17298.86842863938,3.9403951325942486,3.533346442974764,63.52711586898408,3.7357001044692737,1.9763103011439282,0,0
71.93042448152545,18315.47281310002,3.9358044846896183,2.135522760365739,40.5605467915807,3.865024790912282,1.9763103011439282,0,0
62.465387691268894,15797.704750032692,1.067119677146363,1.4666535570255212,59.0861020735062,3.4036541955203186,1.9763103011439282,0,1
71.23009685509521,18159.68655043645,3.940626400725791,1.1021763173907537,21.83967733678767,3.3221703423307143,1.7815956931821502,0,0
71.23009685509521,16065.108779312633,2.2022022211516705,2.121095010100002,73.88041205517659,3.9857491414647495,1.9763103011439282,0,0
70.04020784504482,17885.55204225182,3.947702624366382,1.1021763173907557,44.88170777255249,2.617083430560599,1.9763103011439282,1,1
65.70376255437671,16419.218054981502,3.8871156265518656,2.1355227603657387,40.91884081978942,3.78907420704885,1.9763103011439282,0,0
67.99269407916869,17282.01299567333,3.547727627666598,3.5189186927090352,72.7597882341227,3.9238093960241605,1.9763103011439282,0,1
60.18254186779175,15221.937605301513,2.10979699504363,2.1210950101,73.70251696381067,1.896648597936983,1.6947146079614246,1,0
69.91747025442534,17783.18620693399,3.935867335533641,2.13552276036574,42.136943747319165,3.1094483064107297,1.78159569318215,0,1
67.99269407916869,17261.551136331487,2.111385276053355,2.5987980433587814,40.09038570278648,3.964688771867582,1.9763103011439282,1,1
71.93042448152545,18292.357333453332,3.9321079418550684,3.5333464429747643,64.77685272210923,3.829140482827362,1.9763103011439282,1,1
67.99269407916869,17218.392004997168,3.5393377773709167,3.2532394964332596,62.31546816050434,3.176990107314004,1.78159569318215,0,1
65.49268387769001,16683.48106745419,3.556894133396791,3.2532394964332596,60.78747788404168,3.5308627347165435,1.9763103011439282,0,0
65.49268387769001,16599.470974031145,3.544808105532609,1.4810813072912608,34.74657393131052,3.177278206308465,1.9763103011439282,0,0
69.91747025442534,17858.505630257918,1.0513282226710932,3.897823682608858,30.65094318208996,3.403654195520319,1.9763103011439282,0,1
71.23009685509521,18083.85480535076,3.9282440936633067,1.102176317390757,37.51603324063009,3.024203105275859,1.9763103011439282,0,0
67.99269407916869,17189.432979915575,2.114921902540451,2.2198930534589514,61.5744012514461,3.589699454626992,1.9763103011439282,0,0
67.99269407916869,17235.514749120186,3.9289337108903766,1.1021763173907555,37.516033240630065,2.8099100238728325,1.78159569318215,0,0
71.93042448152545,18404.572291555287,2.1069373383481236,2.598798043358782,40.56054679158073,3.865024790912282,1.9763103011439282,0,0
69.91747025442534,17866.945159897954,1.049893486964289,3.897823682608858,21.732231149175828,3.896614225994459,1.9763103011439282,0,1
71.3046938269185,17164.748207002223,3.429609736560548,1.4810813072912608,27.284982478409027,3.144232704077453,1.7815956931821502,0,0
65.70376255437671,16034.355180667999,3.811736797081284,3.8978236826096495,70.32213755884256,3.7890742070488495,1.9763103011439282,0,1
71.23009685509521,17785.351399625953,3.505563785804667,1.4810813072912608,31.880695816930263,3.3356826213614825,1.9763103011439282,1,0
71.23009685509521,18214.945153411805,2.107046729750788,2.2198930534589527,61.5744012514461,3.1442327040774525,1.78159569318215,0,1
71.23009685509521,18138.939025945565,3.5476495011492464,1.48108130729126,20.017818542723596,3.9913741966721763,1.9763103011439282,0,0
71.93042448152545,18369.717514945307,3.944479098713785,1.1021763173907573,20.500615533545105,3.964688771867582,1.9763103011439282,0,0
71.93042448152545,18404.066466128177,3.9499720571689014,2.13552276036574,40.17607386514119,3.3551885912627486,1.7815956931821502,0,0
67.99269407916869,17237.632392547006,3.929316817357395,1.1021763173907568,32.13120856440817,3.321836140930775,1.9763103011439282,0,0
52.611437717306195,9749.094466914652,2.346966694646712,1.1021763173907395,73.17075779342562,3.946524734935228,1.9763103011439282,0,1
71.93042448152545,18403.693458989703,1.0500875927667837,1.1021763173907384,72.26776885083146,3.896614225994459,1.9763103011439282,1,1
71.23009685509521,18199.53976934019,3.9471338969377916,1.1021763173907555,21.24021176588475,3.9238093960241605,1.9763103011439282,0,0
70.04020784504482,17886.489111283743,3.9478613175918578,2.135522760365739,40.9188408197894,3.2621034943509715,1.78159569318215,1,1
71.23009685509521,18043.747345277134,3.9216950832776596,1.1021763173907557,43.37642361176314,2.618408538692319,1.78159569318215,0,1
71.90539883413399,17389.39501259139,1.2113400238563419,3.897823682608858,24.476128009678522,3.236018364818994,1.78159569318215,1,0
71.23009685509521,18052.12431493676,3.9230629300872164,3.5333464429747634,57.2327365168766,3.2650816805030503,1.9763103011439282,0,1
69.91747025442534,17744.155138994716,3.9292319815227383,2.13552276036574,40.09038570278648,3.3659272096774,1.7815956931821502,0,0
67.99269407916869,17237.163457503917,2.112581231623862,2.8789049898998895,23.830940014632013,3.780613217950524,1.9763103011439282,0,0
65.70376255437671,16741.186306326777,3.950175982675817,1.1021763173907557,32.13120856440815,2.9858713263848013,1.7815956931821497,1,1
71.23009685509521,18021.91298611142,3.918129825226471,2.1355227603657383,40.090385702786456,3.3659272096774,1.78159569318215,0,1
62.46538769126889,13983.788261000538,1.4694171578385096,2.86447723963416,40.307089468418184,3.3387694438415085,1.2184043068181158,1,0
66.38719352926736,16663.641498027035,3.900440330641705,1.1021763173907544,21.839677336787688,3.8906754003294983,1.9763103011439282,0,0
71.23009685509521,18167.701572785092,2.1091378126742306,2.121095010100003,72.7597882341227,3.9238093960241605,1.0236896988565207,0,1
65.49268387769003,16554.157718372477,2.1138917204239394,2.878904989899889,20.255365727867634,1.8956969446877374,1.3052853920383924,0,0
71.93042448152545,17287.059546993492,3.7713444021869886,1.1021763173907564,21.732231149175842,3.896614225994459,1.9763103011439282,0,0
71.93042448152545,18340.113562771756,3.5494764493752937,3.5189186927090343,71.69624771856142,3.865024790912282,1.0236896988565207,1,0
71.90539883413399,7246.963595748478,2.165522337313141,1.1021763173907573,23.677862441164233,3.78907420704885,1.9763103011439282,1,1
71.93042448152545,17964.95336995679,3.505744713197883,2.2343208037246804,40.10571199822496,3.9614399287516724,1.9763103011439282,1,1
65.7037625543767,13122.605531726607,2.299018233935532,2.2198930534589514,61.5744012514461,3.5896994546269916,1.0236896988565207,0,1
71.90539883413399,18214.83442105047,2.114878078083792,2.121095010100001,66.71501752159668,3.144232704077453,1.7815956931821502,1,1
62.46538769126889,15773.243517382096,1.0725447848232923,1.466653557025521,62.31546816050434,3.176990107314004,1.78159569318215,0,0
65.49268387769001,16673.04484056518,3.9478613175918578,2.135522760365739,40.17607386514116,3.946524734935228,1.9763103011439282,0,0
71.90539883413399,18337.172089634783,3.940336885136031,1.102176317390756,20.50061553354506,3.964688771867582,1.9763103011439282,0,1
67.22112347927339,14425.916308078968,1.5550463094353382,3.897823682608858,20.01781854272363,3.3817036912644296,1.78159569318215,0,0
71.93042448152545,16254.770058889566,3.606264448460892,3.5333464429747634,62.31546816050433,3.1769901073140034,1.7815956931821497,0,0
67.99269407916869,17346.39762647488,3.9489937204548706,3.5333464429747643,54.01105828869079,3.0242031052758587,1.9763103011439282,0,1
62.46538769126889,15564.308895477607,3.506740565610363,3.5189186927090343,62.11930418307413,3.3356826213614825,1.9763103011439282,0,1
65.49268387769004,16610.30186833099,3.5463662812823107,3.25323949643326,62.31546816050434,3.645107576903216,1.9763103011439282,1,1
67.99269407916869,17290.878675693642,3.9389496928263323,1.1021763173907533,44.881707772552474,2.569219980566603,1.78159569318215,0,0
67.99269407916869,17212.772119189074,3.9248193031042176,1.1021763173907564,20.904497141789687,3.942365202144347,1.9763103011439282,0,0
67.99269407916869,17352.986250102884,1.049814320460885,1.4666535570255217,65.59986366778116,3.8906754003294983,1.9763103011439282,0,1
67.99269407916869,17062.3301138133,3.89760258453832,1.1021763173907555,20.026268574585497,3.9909071417937625,1.0236896988565205,0,1
71.23009685509521,16535.944915957545,2.181362196072779,2.2198930534589523,64.24097837862152,3.262103494350972,1.78159569318215,0,0
69.91747025442534,17845.19631826351,3.9464091695815053,1.102176317390755,21.839677336787695,3.3221703423307143,1.78159569318215,0,0
71.23009685509521,18203.46850369199,3.555330112770298,2.2343208037246813,40.09038570278648,3.964688771867582,1.9763103011439282,0,0
51.17800281430578,12725.594593901147,3.895250362747235,1.1021763173907564,21.240211765884787,3.9238093960241605,1.0236896988565212,0,1
65.7037625543767,11921.373038141925,2.362792926251285,2.1210950101000026,64.52736927143783,3.4687825392601965,1.9763103011439282,1,0
67.99269407916869,17339.918722779512,2.1075421816685833,2.1210950101000012,73.70251696381067,3.9759164246624477,1.9763103011439282,0,0
51.178002814305785,12354.567197953678,3.405683834464078,1.481081307291261,20.026268574585494,3.9909071417937625,1.9763103011439282,0,0
65.49268387769001,16609.79820614931,1.0646212063609894,1.466653557025521,65.67929366826067,3.3256813890701955,1.218404306818115,1,0
69.34230753831261,17626.249232733935,1.064952235506715,1.4666535570255221,66.3468316585551,3.946524734935228,1.9763103011439282,0,0
70.04020784504482,17376.649568148227,3.8615196727197256,1.1021763173907557,27.28498247840903,3.1442327040774525,1.78159569318215,1,0
71.93042448152545,17670.87647552353,2.1387417090241487,2.5987980433587814,42.194030181253126,2.083532470449225,1.3052853920383924,1,1
51.17800281430578,9964.737311561006,2.7584701968308156,1.102176317390755,20.017818542723614,1.8903294945927862,1.6947146079614246,0,1
67.99269407916869,17264.449662984207,2.111243134231613,2.2198930534589527,61.574401251446105,3.5896994546269925,1.9763103011439282,1,0
65.7037625543767,16608.897914836318,3.9242661203102034,3.5333464429747634,62.874416113398794,3.6868990212943555,1.9763103011439282,0,0
67.99269407916869,17270.546728573852,2.1109441381849927,2.8789049898998904,26.476913131442586,3.6343635146881015,1.9763103011439282,0,0
65.49268387769003,16408.13001342238,3.8955770228509543,2.13552276036574,41.35360895305999,3.696912767093503,1.9763103011439282,1,1
71.93042448152545,18297.910388947133,3.5445569027418955,1.4810813072912627,28.349465863274567,3.530862734716543,1.9763103011439282,1,0
69.91747025442534,17714.666834954078,3.9242189150907585,3.5333464429747634,63.00834694055215,3.6969127670935027,1.9763103011439282,0,0
70.04020784504482,17570.559063259534,3.8943583667552417,1.1021763173907564,20.02626857458551,3.9909071417937625,1.9763103011439282,0,0
65.70376255437671,16740.93428377876,3.9501266218100692,1.102176317390756,20.01781854272363,3.9913741966721763,1.9763103011439282,0,0
71.93042448152545,18333.179585517046,3.9386360868757553,3.8978236826096495,73.44060587509681,3.364006486512128,1.78159569318215,0,1
71.93042448152545,9345.788940693106,2.499619015508137,2.5987980433587814,41.12698554828911,3.236018364818994,1.78159569318215,1,1
71.93042448152545,18333.024182884667,3.9386112354560154,1.1021763173907564,22.30375228144576,3.307005645867005,1.2184043068181156,1,0
71.93042448152545,15990.738233386563,2.211572626513771,2.2198930534589505,57.23273651687659,3.2650816805030503,1.9763103011439282,0,1
67.99269407916869,17321.78409114929,3.5529723359553596,1.4810813072912619,22.952976945769855,3.829140482827362,1.9763103011439282,0,1
69.91747025442534,17604.274974303273,3.9054520938374995,1.102176317390756,31.88069581693028,3.335682621361483,1.9763103011439282,0,1
66.38719352926736,16875.405472240778,1.059082349682859,3.897823682608858,22.952976945769827,3.829140482827362,1.9763103011439282,0,1
51.17800281430578,11627.353509792818,3.1874200350647053,2.234320803724682,40.56054679158072,3.3070056458670045,1.2184043068181154,1,0
67.99269407916869,17352.988543161566,2.1069012463585026,2.219893053458951,66.58977016923723,3.3659272096774,1.7815956931821502,0,1
71.23009685509521,15648.497121023493,2.220642176650353,2.8789049898998895,47.90751373604151,2.4703449399668465,1.78159569318215,1,1
69.91747025442534,17852.544863587493,3.9476584359291653,1.102176317390755,20.026268574585494,3.9909071417937625,1.9763103011439282,0,0
69.91747025442534,17785.44468945966,3.9362512817558795,3.8978236826096495,63.349056817914786,3.4036541955203194,1.9763103011439282,0,1
65.49268387769001,16453.129238803125,3.904458189633103,2.1355227603657396,46.447663311614804,2.617083430560597,1.9763103011439282,0,1
62.465387691268894,15801.488163626525,1.0662805769086088,1.4666535570255224,66.58977016923723,3.964688771867582,1.9763103011439282,0,0
71.93042448152545,17972.16340868998,3.506585174200269,1.4810813072912594,20.559394124910845,3.364006486512128,1.7815956931821502,0,0
71.93042448152545,17002.871747313613,3.393596621507042,1.481081307291262,20.90449714178968,3.352729466367173,1.78159569318215,0,0
71.23009685509521,18191.183631283013,3.553867907634247,1.4810813072912596,23.091263187634837,3.2812719492051032,1.78159569318215,0,1
69.91747025442534,17799.100822919583,3.938572849796695,3.5333464429747634,58.17700278812349,3.3356826213614825,1.9763103011439282,0,1
65.7037625543767,14427.755847994997,2.2297264354782382,2.219893053458952,66.3468316585551,3.946524734935228,1.9763103011439282,0,0
71.93042448152545,18381.10352719605,3.9462999080866767,3.5333464429747643,64.24097837862153,3.78907420704885,1.0236896988565207,0,1
51.17800281430577,11464.295458852615,2.262568534078912,2.878904989899889,22.952976945769805,3.829140482827362,1.9763103011439282,0,0
69.91747025442534,17686.479379604374,3.919426995351264,3.5333464429747634,62.31546816050434,3.645107576903216,1.9763103011439282,0,0
62.46538769126889,15796.656691118624,2.11165529147043,2.8789049898998886,20.29748303619707,3.9759164246624477,1.023689698856521,1,0
67.99269407916869,17352.13559090385,1.0499682146605673,3.897823682608858,23.83094001463201,3.780613217950524,1.9763103011439282,0,0
71.90539883413399,18255.908085967832,1.0726681486292364,3.897823682608858,20.500615533545105,3.964688771867582,1.9763103011439282,0,0
69.91747025442534,17746.39285474546,3.542090510495412,1.4810813072912605,20.01781854272359,3.3817036912644296,1.78159569318215,1,1
67.99269407916869,17143.207147502166,1.087765814009695,1.1021763173907377,63.34905681791477,3.4036541955203186,1.9763103011439282,0,1
71.3046938269185,18233.092355649096,3.949358973884416,1.1021763173907537,20.559394124910824,1.0385600712484861,1.9763103011434269,1,0
67.22112347927339,16814.949163702087,1.1114301685651609,1.4666535570255221,66.9404329523014,3.3814275673974357,1.2184043068181154,1,0
55.381770410665325,13971.343713286133,3.9466929264451105,1.1021763173907564,30.650943182089993,3.4036541955203194,1.9763103011439282,1,0
71.23009685509521,18212.07666386941,2.1071736940794583,2.2198930534589523,58.1770027881235,3.3356826213614825,1.9763103011439282,1,0
51.17800281430578,12017.041133466342,3.603504199167567,1.1021763173907555,21.839677336787688,3.3221703423307143,1.78159569318215,1,1
67.99269407916869,17269.709449767586,3.9351199322295614,3.533346442974764,63.650857538607056,3.2360183648189946,1.7815956931821502,0,1
62.46538769126889,15802.840773216489,1.0659805898729897,1.1021763173907377,68.65473798750185,3.2076174492107277,1.78159569318215,0,1
67.99269407916869,17078.01592154603,3.900440330641705,2.135522760365739,40.41152481744048,3.896614225994459,1.9763103011439282,1,1
71.23009685509521,18195.675068505345,3.9465028431174214,3.533346442974764,63.008346940552165,3.696912767093503,1.9763103011439282,0,0
67.99269407916869,17282.707978098973,2.1103477585862294,2.878904989899889,44.881707772552474,2.4521365500060472,1.305285392038392,0,0
71.93042448152545,15550.286561031926,3.493606027962252,1.1021763173907568,20.500615533545073,3.964688771867582,1.9763103011439282,0,0
66.38719352926736,16758.918274627154,3.918651872800588,2.13552276036574,40.95875521823723,3.2571013390660077,1.78159569318215,0,0
65.7037625543767,16474.539131022422,3.897950753126378,3.8978236826096495,73.70251696381067,3.9759164246624477,1.9763103011439282,1,0
71.93042448152545,18301.72647742696,3.9336062210407463,1.1021763173907582,28.349465863274578,3.5308627347165435,1.9763103011439282,1,0
51.17800281430577,11000.980353852543,1.814857788979843,1.4666535570255235,59.95717401033854,3.468782539260197,1.9763103011439282,0,1
71.93042448152545,18345.843395525488,2.109483128494271,2.1210950101000003,72.7597882341227,3.9238093960241605,1.9763103011439282,0,0
64.53950345321687,16188.03067154093,3.9007003758081815,1.102176317390753,22.426812092030076,3.3029843887492163,1.78159569318215,0,0
71.93042448152545,18404.39368523028,3.9500243848491263,3.5333464429747634,63.650857538607056,3.74495202690344,1.9763103011439282,0,0
71.90539883413399,18397.183964492735,1.0500591521797435,3.897823682608858,22.42681209203009,3.3029843887492163,1.78159569318215,0,0
70.04020784504482,16783.565387826053,3.7610804965786837,3.5333464429747634,63.00834694055216,3.207617449210728,1.78159569318215,1,1
32.70456506045514,10298.246151619216,2.7669887944382943,2.8789049898998895,33.158019376334295,2.9523179650845295,1.78159569318215,0,1
62.46538769126889,15523.077833857204,3.871972493207128,1.1021763173907573,26.476913131442608,3.170638194202338,1.78159569318215,0,0
71.93042448152545,18305.75538717337,3.9342505095297486,3.5333464429747643,60.78747788404168,3.1094483064107297,1.7815956931821502,0,0
71.93042448152545,18396.275178205742,2.1072970030248777,2.8789049898998895,33.15801937633431,3.2650816805030503,1.0236896988565203,0,0
67.99269407916869,17322.899338212817,2.108376800982831,2.8789049898998886,32.131208564408155,2.164035185454321,1.3052853920383922,0,1
61.34887862135565,15443.244598566696,1.0809741863965705,3.897823682608858,56.76544580009184,1.9602388280459027,1.9763103011439282,0,0
71.23009685509521,18134.792628537507,3.547155976806108,3.5189186927090343,66.71501752159668,3.589699454626992,1.9763103011439282,0,1
67.99269407916869,17197.953171286827,2.1145040780150315,2.2198930534589527,56.256274270799736,3.1920735096247976,1.0236896988565212,1,1
71.30469382691848,17110.652585155713,3.7664901266454027,1.102176317390756,23.091263187634866,1.1785029515333019,1.9763103011434269,1,0
69.91747025442534,17830.084197463355,2.1086214462447113,2.5987980433587814,42.42980473890856,3.0727463588978816,1.78159569318215,0,1
67.99269407916869,17352.8612295586,3.9501630618606285,2.1355227603657405,42.42980473890857,3.468782539260197,1.9763103011439282,0,1
65.49268387769001,16536.429247200093,3.9208985007999786,1.1021763173907542,26.28252983252041,3.1769901073140034,1.7815956931821502,0,0
71.23009685509521,18204.7659599399,2.1074972785314063,2.219893053458951,64.77685272210921,3.2857907643385844,1.78159569318215,1,1
71.93042448152545,18405.395374729596,3.9501845713647317,3.8978236826096495,65.43159928804545,3.518761645536684,1.9763103011439282,0,0
71.93042448152545,18287.368874351938,3.9313102057479856,1.102176317390756,27.28498247840903,3.5896994546269916,1.9763103011439282,0,1
65.70376255437671,13710.618368655978,2.2678000160192178,2.8789049898998895,20.026268574585487,3.381427567397435,1.78159569318215,0,1
71.23009685509521,18064.591351673767,3.9250986300023705,2.1355227603657396,41.12698554828913,3.236018364818994,1.78159569318215,0,0
71.90539883413399,17996.8054016678,2.124336212916659,2.598798043358782,40.17607386514118,3.946524734935228,1.9763103011439282,0,0
51.17800281430579,12440.350054642058,2.1536292362804326,2.598798043358781,40.91884081978941,3.7890742070488495,1.9763103011439282,1,0
71.93042448152545,18405.215473285996,3.9501558021848386,3.5333464429747634,63.00834694055216,3.696912767093503,1.9763103011439282,0,0
62.46538769126889,15631.960178228726,3.5176774392751,1.4810813072912605,20.11958794483118,3.9857491414647495,1.0236896988565207,1,0
59.2521706292961,14905.599024716206,3.9217550492854647,1.102176317390755,43.37642361176316,2.618408538692319,1.7815956931821502,0,0
71.23009685509521,18090.47974944988,2.1125557846812444,2.8789049898998904,20.09426443617204,3.9871488365725485,1.9763103011439282,0,0
71.23009685509521,18150.74679588177,3.9391666586898637,3.8978236826096495,73.44060587509681,3.9614399287516724,1.0236896988565205,0,1
68.16121828736547,17365.81019082687,2.108472412911199,2.2198930534589527,61.57440125144609,3.1442327040774525,1.78159569318215,0,1
67.99269407916869,17341.287732588487,2.107475046336898,2.219893053458952,61.574401251446105,3.1442327040774525,1.78159569318215,0,0
71.93042448152545,17322.240991314495,3.4308249090207816,2.234320803724681,40.59263417186315,1.944761428387833,1.305285392038392,0,0
67.99269407916869,17115.859521951075,3.9072866806300057,3.533346442974764,59.0861020735062,3.4036541955203194,1.9763103011439282,1,0
62.46538769126889,15638.339479912649,2.121173080755661,2.121095010100002,69.52387199032802,3.74495202690344,1.9763103011439282,0,1
71.30469382691848,16461.845390659626,1.3392140962957413,1.4666535570255235,64.24097837862153,3.2621034943509715,1.78159569318215,0,0
71.93042448152545,17811.989234449553,1.1447107649798514,3.897823682608858,23.09126318763485,3.8214970484668447,1.9763103011439282,0,1
69.91747025442534,17846.86545805672,3.9466929264451105,3.8978236826096495,72.16032266321959,3.8906754003294983,1.9763103011439282,0,1
71.23009685509521,18058.852670434815,3.9241615803122425,2.135522760365738,40.43954100457281,3.322170342330714,1.78159569318215,0,0
65.70376255437671,16740.334066643492,3.950009063926199,1.1021763173907557,20.500615533545073,3.964688771867582,1.9763103011439282,0,0
71.93042448152545,17578.654332262046,2.142739370132112,2.8789049898998886,28.349465863274542,3.530862734716543,1.9763103011439282,1,0
71.90539883413399,18342.518638616708,3.9411925167428667,2.13552276036574,40.91884081978942,3.2621034943509715,1.7815956931821497,0,0
71.30469382691848,13769.725695735877,2.3042393183329497,2.8789049898998895,20.29748303619706,3.372565022598904,1.78159569318215,1,0
67.99269407916869,13860.45494520511,3.318345912643558,1.1021763173907573,27.491967177432855,3.5782588807905578,1.9763103011439282,1,1
65.70376255437671,16630.361708908502,2.112787781368538,2.87890498989989,20.017818542723653,3.9913741966721763,1.023689698856521,1,0
71.75216675989886,15414.676653298315,3.2122052892556083,1.481081307291261,20.50061553354506,3.3659272096774,1.2184043068181154,1,0
62.46538769126889,15615.49136239733,3.892468326360622,2.13552276036574,40.02643774332189,3.3739413007281946,1.7815956931821502,0,1
71.23009685509521,14787.726081314946,1.6099695256116395,3.897823682608858,25.526432309551623,3.6868990212943555,1.0236896988565212,0,1
71.93042448152545,18308.745498016568,3.5458199315502625,3.2532394964332596,58.1770027881235,3.3356826213614825,1.9763103011439282,1,0
67.99269407916869,17267.705412226387,3.545840852846887,1.481081307291261,20.255365727867627,3.978244356040986,1.9763103011439282,0,1
71.23009685509521,18157.19689731712,3.5498226416104646,1.481081307291262,29.472630728567275,3.4687825392601965,1.9763103011439282,0,1
62.46538769126889,15554.58520148357,3.8789603202079697,1.102176317390755,20.017818542723624,3.9913741966721763,1.9763103011439282,0,0
67.2211234792734,17007.893747448597,3.9243974390137426,1.1021763173907546,32.131208564408155,2.164035185454321,1.3052853920383924,0,1
71.93042448152545,8391.286615617777,2.540994944189337,2.5987980433587814,39.964498213035355,3.3817036912644296,1.2184043068181154,0,1
71.93042448152545,17594.277848299163,3.820473627610472,3.5333464429747634,66.77107201545002,3.373941300728194,1.78159569318215,0,0
67.99269407916869,17345.407994720135,3.9488146844942325,3.8978236826096495,67.71747016748559,3.645107576903216,1.9763103011439282,0,0
71.23009685509521,18191.778957619892,3.945866660456998,3.5333464429747634,59.957174010338534,3.072746358897882,1.78159569318215,0,1
62.46538769126889,15850.677783491905,2.108407625785504,2.2198930534589527,64.24097837862152,3.262103494350972,1.7815956931821502,0,0
65.70376255437671,16733.198400166377,3.948611479949057,1.1021763173907537,20.026268574585444,3.9909071417937625,1.9763103011439282,1,1
71.23009685509521,18070.504695218016,2.1134399152709453,2.87890498989989,29.702826876882103,2.109165170844869,1.6947146079614246,0,0
71.93042448152545,17871.80540980906,1.1351451813192497,3.897823682608858,20.500615533545055,1.901238437810341,1.305285392038392,1,1
66.38719352926736,16868.3236443114,3.549344557406429,3.25323949643326,64.77685272210923,3.829140482827362,1.0236896988565203,1,0
67.99269407916869,17145.025632891986,1.0874368287309695,1.466653557025525,66.89016675451006,3.9871488365725485,1.9763103011439282,0,1
70.42451948052606,17984.39793425243,2.10774187069324,2.87890498989989,20.559394124910867,3.9614399287516724,1.9763103011439282,1,1
65.49268387769003,16623.877993712536,2.110161778996361,2.598798043358782,40.28323262372567,3.341759233150678,1.78159569318215,1,0
71.23009685509521,18211.431987778982,3.9490757367332083,3.8978236826096495,65.65053413673084,3.5308627347165427,1.9763103011439282,1,1
62.46538769126889,15873.023097856718,1.0504152799137954,1.4666535570255235,59.957174010338534,3.468782539260197,1.9763103011439282,0,1
67.99269407916869,17146.27809289104,3.912789755933887,1.1021763173907555,43.37642361176316,2.299715662959154,1.0236896988561244,0,0
65.70376255437671,16740.89851295751,3.950119615775414,1.1021763173907546,22.952976945769798,3.829140482827362,1.9763103011439282,1,1
67.99269407916869,17352.98851760696,3.557087337368572,2.2343208037246796,44.161563121693476,2.8557188028380383,1.78159569318215,1,1
65.70376255437671,12305.727946034745,2.9238389903054016,3.253239496433259,64.77685272210923,3.829140482827362,1.0236896988565203,1,0
67.99269407916869,17285.42756338612,3.937963522845586,3.8978236826096495,73.90573556383578,3.3792056491197586,1.2184043068181156,1,0
67.99269407916869,17102.635747412765,3.904894345131093,2.1355227603657405,40.41152481744052,3.896614225994459,1.023689698856521,0,0
65.7037625543767,16199.629150835124,3.844107179481446,3.5333464429747634,64.77685272210923,3.829140482827362,1.9763103011439282,0,0
69.91747025442534,17432.783451077074,3.8762982165148263,1.102176317390757,30.650943182089982,3.4036541955203194,1.9763103011439282,0,1
62.46538769126888,15533.980169335051,3.874390455733474,1.1021763173907555,20.094264436172008,3.9871488365725485,1.9763103011439282,0,0
65.49268387769001,16410.615119499354,1.1039325100057376,3.897823682608858,41.88254056288536,2.7828550748987397,1.9763103011439282,0,0
71.23009685509521,18120.866143297106,3.5454983789436536,3.518918692709035,71.04702305423714,3.829140482827362,1.9763103011439282,0,0
67.99269407916869,17068.582544321245,3.8987337223549323,3.5333464429747643,65.2567945101311,3.3070056458670054,1.7815956931821502,0,0
71.93042448152545,18403.171519135954,3.949828940524039,3.5333464429747634,66.29119916314048,3.3527294663671725,1.2184043068181152,1,0
67.99269407916869,17339.760053823582,3.9477929059193295,3.8978236826096495,72.26776885083146,3.896614225994459,1.0236896988565203,0,1
65.49268387769001,16491.889287988113,3.912107976010169,3.8978236826096495,70.32213755884254,3.7890742070488495,1.9763103011439282,1,0
62.46538769126889,15769.826941077461,3.9266974735455227,3.8978236826096495,73.17075779342562,3.946524734935228,1.9763103011439282,0,0
71.23009685509521,18216.23747083684,3.9498604076746293,1.1021763173907546,29.472630728567246,3.0727463588978816,1.78159569318215,1,0
71.93042448152545,15979.010288888281,3.5621659561329837,3.533346442974764,63.650857538607056,3.7449520269034395,1.9763103011439282,0,0
71.3046938269185,17032.222515859394,2.1601589837301716,2.8789049898998895,24.6435152760697,3.2305486080136943,1.78159569318215,1,1
67.99269407916869,17285.068039233247,3.9378984807208015,2.1355227603657396,40.28323262372568,3.9238093960241605,1.0236896988565207,1,1
71.90539883413399,18375.788731411925,3.5544127286824336,3.2532394964332596,60.78747788404168,3.10944830641073,1.78159569318215,1,0
62.465387691268894,15799.263806916044,2.1114985556448485,2.8789049898998886,20.026268574585472,3.9909071417937625,1.0236896988565203,1,0
65.49268387769001,16656.690423118194,3.553039924208929,1.48108130729126,20.82924220658194,3.946524734935228,1.9763103011439282,0,0
65.7037625543767,16713.66617162466,3.944785918631789,1.102176317390755,22.952976945769834,3.829140482827362,1.9763103011439282,1,1
67.99269407916869,17070.773346252106,3.899130064051103,3.5333464429747634,64.24097837862152,3.262103494350972,1.7815956931821502,0,0
71.93042448152545,18358.53862377408,3.5516242249715275,1.4810813072912614,27.49196717743283,3.578258880790558,1.9763103011439282,0,0
71.23009685509521,17497.047457789988,3.4712484514273805,3.253239496433259,65.25679451013107,3.8650247909122815,1.9763103011439282,0,0
62.714972529323745,15932.18499558347,3.947934700727598,1.1021763173907557,29.472630728567246,3.4687825392601965,1.9763103011439282,0,1
65.49268387769001,16651.351099375788,2.108692004609243,2.219893053458952,66.58977016923723,3.3659272096774,1.2184043068181154,1,0
51.178002814305785,11413.98305077983,2.2681839970147415,2.87890498989989,20.255365727867655,3.978244356040986,1.9763103011439282,1,0
71.90539883413399,18383.67212133638,3.9477784884912532,3.533346442974764,66.87144625497774,3.9857491414647495,1.0236896988565207,0,1
71.23009685509521,18205.842196011174,3.9481629986970974,3.533346442974764,66.3468316585551,3.946524734935228,1.9763103011439282,0,0
65.70376255437671,16092.651436002718,2.141335383429528,2.2198930534589527,65.2567945101311,3.865024790912282,1.9763103011439282,0,0
51.17800281430579,12102.36337572912,1.361364454733749,2.864477239634161,40.729829667882825,3.829140482827362,1.9763103011439282,0,0
71.93042448152545,18304.31026026147,3.934019410127407,3.8978236826096495,66.71501752159668,3.144232704077453,1.7815956931821502,0,0
71.93042448152545,18335.765103200334,3.939049553393078,1.1021763173907555,23.83094001463201,3.7806132179505245,1.0236896988565207,1,0
67.99269407916869,17194.466171022934,2.1146750781917785,2.5987980433587814,40.02643774332188,3.978244356040986,1.9763103011439282,0,0
62.465387691268894,15740.497045071492,3.9201925747017703,1.102176317390756,25.345262012504435,3.696912767093503,1.0236896988565207,1,0
67.99269407916869,16921.10708552174,3.872053686765823,3.8978236826096495,72.66829373494082,3.918752260987347,1.9763103011439282,0,0
66.38719352926736,16805.897850318303,2.11301501205262,2.219893053458952,66.77107201545003,3.978244356040986,1.9763103011439282,0,0
69.91747025442534,17803.31750226473,3.9392896931136403,1.102176317390757,24.643515276069714,3.2305486080136947,1.78159569318215,0,0
65.70376255437671,16463.883594676954,2.121626278969232,2.878904989899889,21.331706265066614,3.918752260987347,1.9763103011439282,0,1
51.17800281430578,12058.847191532674,3.620717800873435,1.1021763173907557,24.643515276069724,3.7357001044692737,1.9763103011439282,1,1
71.93042448152545,18400.585715508616,3.9494154282795915,3.533346442974764,65.67929366826067,3.325681389070196,1.78159569318215,0,0
71.30469382691848,17556.10029121888,3.83906284783224,3.5333464429747643,65.25679451013109,3.307005645867005,1.2184043068181154,1,0
66.38719352926736,16824.46359750462,3.9311804390839598,1.102176317390755,26.282529832520417,3.645107576903216,1.9763103011439282,1,1
62.465387691268894,15795.248470165157,1.0676644404850069,3.897823682608858,38.94772837485908,2.945069652553692,1.9763103011439282,0,0
67.99269407916869,17181.033852527853,3.919077479407237,2.135522760365739,40.17607386514118,3.946524734935228,1.0236896988565212,1,1
51.17800281430577,12089.876281201718,3.6334939968498965,1.1021763173907564,33.417523499808404,2.943838082020674,1.7815956931821502,1,0
71.93042448152545,18216.32612207253,3.535046774259402,3.2532394964332596,64.77685272210923,3.829140482827362,1.0236896988565214,1,0
71.30469382691848,18227.640914241598,3.948470820388624,3.8978236826096495,71.69624771856142,3.865024790912282,1.0236896988565207,1,1
62.4653876912689,15667.57652808744,1.0959800222460756,1.466653557025523,61.5744012514461,3.589699454626992,1.0236896988565207,1,0
62.465387691268894,15788.20657697355,1.0692262190494646,1.1021763173907384,37.23455419990535,2.720653184987872,1.6947146079614246,1,0
65.70376255437671,13983.602375037406,3.163385562701032,3.2532394964332596,66.77107201545002,3.373941300728194,1.78159569318215,0,0
51.17800281430578,12767.808694801764,3.9126319756733263,3.533346442974764,64.24097837862153,3.7890742070488495,1.9763103011439282,0,0
67.99269407916869,17343.357553746246,3.9484437357370488,3.5333464429747634,64.77685272210921,3.285790764338584,1.218404306818115,1,0
69.91747025442534,17866.60995929615,2.1069382650223702,2.8789049898998895,26.28252983252041,3.645107576903216,1.9763103011439282,0,0
71.93042448152545,17285.550807428677,3.771103130082201,3.5333464429747634,60.78747788404168,3.530862734716543,1.9763103011439282,0,0
71.93042448152545,13397.311232997205,2.323992939999692,2.219893053458951,62.31546816050434,3.176990107314004,1.78159569318215,1,1
51.178002814305785,8483.848727939876,2.148715835183534,3.8978236826096495,73.74463427214012,3.978244356040986,1.9763103011439282,0,0
71.93042448152545,17336.313800045267,2.153244388626198,2.87890498989989,20.297483036197047,3.9759164246624477,1.9763103011439282,0,1
71.75216675989886,18357.744765632287,3.950183178901876,3.5333464429747634,65.67929366826067,3.325681389070195,1.78159569318215,1,1
66.38719352926736,16876.111496984537,3.550429644331701,3.25323949643326,66.9404329523014,3.9909071417937625,1.023689698856521,1,0
71.23009685509521,18205.76099862484,3.555602976643327,1.481081307291261,20.50061553354506,3.964688771867582,1.9763103011439282,0,0
71.93042448152545,18255.417159064204,1.0737993955241008,3.897823682608858,24.476128009678526,3.236018364818994,1.78159569318215,1,0
65.49268387769001,16662.56577347602,1.0542068589549762,1.4666535570255226,65.25679451013109,3.865024790912282,1.0236896988565207,1,0
65.70376255437671,16505.274784330904,2.1194287773208322,2.2198930534589527,62.31546816050434,3.645107576903216,1.9763103011439282,0,0
64.53950345321687,16240.744011785753,3.5288715261675936,3.253239496433259,61.5744012514461,3.5896994546269916,1.9763103011439282,0,0
67.99269407916869,17351.09911669024,3.9498442750304497,3.5333464429747634,64.24097837862152,3.2621034943509715,1.78159569318215,0,0
66.38719352926738,16807.276246572983,3.5408387810534205,1.4810813072912627,22.30375228144576,3.307005645867005,1.2184043068181158,1,0
70.04020784504482,17647.333030505935,3.907360086030775,1.1021763173907557,23.830940014632002,3.2571013390660086,1.7815956931821502,0,0
67.99269407916869,17290.570712340283,3.938893978653313,2.1355227603657387,42.13694374731915,3.1094483064107297,1.78159569318215,1,0
66.38719352926736,16832.344002390266,3.932686727719293,3.5333464429747634,62.31546816050434,3.176990107314004,1.78159569318215,0,0
71.93042448152545,18097.66569728494,1.099026431458149,3.897823682608858,30.650943182089986,3.4036541955203194,1.9763103011439282,0,1
65.49268387769003,16572.986685110525,1.071886426041635,3.897823682608858,30.650943182089986,3.4036541955203186,1.9763103011439282,0,1
62.4653876912689,15707.62820477766,3.5299103432670336,3.25323949643326,59.957174010338534,3.4687825392601965,1.9763103011439282,0,1
71.98627507858586,18395.437464061644,3.5541902233107474,1.4810813072912614,20.026268574585494,3.9909071417937625,1.9763103011439282,0,0
71.93042448152545,18278.58727246619,3.9299058841408723,3.8978236826096495,73.49938446646262,3.964688771867582,1.9763103011439282,0,0
69.91747025442534,17645.841806670865,3.9125185325088645,3.5333464429747634,60.62562946929032,3.518761645536684,1.9763103011439282,0,1
62.46538769126889,15813.683201355036,1.063575913830241,1.4666535570255224,64.77685272210921,3.285790764338584,1.2184043068181154,1,0
51.17800281430579,12713.727857570208,3.8903642461842862,3.5333464429747634,66.89016675451008,3.9871488365725485,1.9763103011439282,1,1
65.70376255437671,16208.721896244248,3.845888074837581,1.1021763173907557,21.240211765884773,3.341759233150679,1.7815956931821502,0,1
65.7037625543767,16541.014415492362,3.9109705309914324,3.5333464429747634,63.00834694055215,3.696912767093503,1.9763103011439282,0,0
71.90539883413399,18359.935800886386,1.0560201386377228,1.466653557025524,64.77685272210923,3.829140482827362,1.9763103011439282,0,1
71.93042448152545,18152.149819676277,3.909686469823148,1.102176317390756,34.47889492782001,2.9091553745693792,1.78159569318215,0,1
71.23009685509521,18110.586310509625,3.932608989984042,2.135522760365739,41.85938372985824,3.589699454626992,1.9763103011439282,1,1
71.23009685509521,18118.58597202679,1.0660847725667297,3.897823682608858,27.284982478409038,3.5896994546269925,1.9763103011439282,1,0
67.99269407916869,17095.36902550918,3.903579710136349,3.5333464429747634,63.008346940552165,3.696912767093503,1.9763103011439282,0,0
71.23009685509521,18218.101290306,3.557071778050119,2.234320803724681,41.35360895305999,3.207617449210728,1.7815956931821502,1,0
67.99269407916869,17071.501764920435,3.899261843508871,1.1021763173907544,32.13120856440815,3.321836140930774,1.9763103011439282,1,1
67.99269407916869,17202.262384260506,3.922917969118151,1.1021763173907568,24.47612800967854,3.74495202690344,1.9763103011439282,1,0
51.17800281430578,12570.366718920217,3.4704532744808665,1.4810813072912594,29.472630728567232,3.072746358897882,1.218404306818115,0,0
65.49268387769001,16589.344039774434,1.0686580950280273,3.897823682608858,34.47889492781999,3.192073509624797,1.9763103011439282,0,1
65.49268387769003,16604.04132731229,3.93424260072356,3.5333464429747634,61.5744012514461,3.589699454626992,1.9763103011439282,0,1
67.22112347927339,17047.23521724398,3.9317027010429833,1.1021763173907568,20.026268574585522,3.3814275673974357,1.78159569318215,0,1
71.75216675989886,18338.06255075819,2.107759730642074,2.5987980433587814,41.12698554828913,3.236018364818994,1.78159569318215,0,0
65.70376255437671,12203.386286185681,3.061407341377392,3.8978236826096495,69.523871990328,3.7449520269034395,1.9763103011439282,1,1
67.99269407916869,17154.940738351874,2.1166133791557167,2.598798043358782,40.59263417186315,3.3029843887492163,1.2184043068181154,1,0
65.70376255437671,16318.870128796623,3.8674615894377142,3.533346442974764,61.5744012514461,3.5896994546269916,1.9763103011439282,1,1
65.49268387769001,16631.463265710474,3.9396546674056734,3.5333464429747634,66.3468316585551,3.946524734935228,1.9763103011439282,0,0
32.70456506045513,8253.259333065129,3.610467519488492,1.1021763173907555,20.29748303619708,3.975916424662448,1.9763103011439282,1,1
65.7037625543767,16436.16829771902,2.123097713138197,2.2198930534589527,59.08610207350619,3.403654195520319,1.9763103011439282,0,1
67.99269407916869,17282.196862576533,3.547751874629366,3.518918692709035,64.52736927143783,3.4687825392601974,1.9763103011439282,0,1
67.2211234792734,16414.93055637914,2.143738046692233,2.8789049898998904,25.526432309551666,3.686899021294356,1.9763103011439282,0,0
62.46538769126889,15531.813025382833,3.8739098180869522,1.1021763173907564,26.476913131442593,3.1706381942023376,1.7815956931821497,0,1
65.70376255437671,9923.361041942426,2.4688694776110927,2.2198930534589527,65.9753832033475,3.3387694438415094,1.2184043068181158,1,0
69.91747025442534,17866.589595188074,2.1069392034417915,2.598798043358782,42.13694374731915,3.530862734716543,1.9763103011439282,1,0
71.93042448152545,18379.49673505708,3.946042955773391,3.5333464429747643,66.34683165855512,3.355188591262749,1.7815956931821502,0,0
51.17800281430576,9563.694443402506,2.4066587944868605,1.4666535570255217,62.31546816050434,3.176990107314004,1.78159569318215,1,1
67.99269407916869,17338.018227129804,3.94747778909543,1.1021763173907555,24.476128009678504,3.74495202690344,1.9763103011439282,0,1
71.93042448152545,14591.927963116987,2.2722084913626475,2.8789049898998904,24.476128009678533,3.74495202690344,1.9763103011439282,0,1
71.23009685509521,18094.597600020275,1.0700017520293286,2.8644772396341605,42.13694374731918,3.530862734716543,1.9763103011439282,0,0
32.70456506045514,8448.634853151842,3.4102737131851035,3.533346442974764,59.957174010338534,3.4687825392601965,1.9763103011439282,1,0
51.17800281430577,12761.794800981528,1.0898442389646315,1.1021763173907373,67.71747016748559,3.645107576903216,1.9763103011439282,0,1
42.097711435909694,9689.835342598166,2.3733542075390743,2.2198930534589523,66.9466796703075,3.9913741966721763,1.0236896988565207,1,0
70.04020784504482,17881.787058389447,3.947065021999184,1.1021763173907555,33.41752349980838,3.2507382237187255,1.9763103011439282,0,0
65.49268387769003,16550.314577516932,3.9236389465148918,1.1021763173907555,28.349465863274524,3.1094483064107297,1.7815956931821497,0,0
65.7037625543767,11206.46955732631,2.133847699096809,2.8644772396341605,40.72982966788284,3.285790764338584,1.2184043068181154,1,0
71.23009685509521,18200.404279569073,3.9472750598650146,3.8978236826096495,71.69624771856142,3.307005645867005,1.7815956931821502,0,0
69.91747025442534,17790.85871410712,3.937171675997091,1.1021763173907555,20.829242206581952,3.355188591262748,1.7815956931821502,0,0
65.7037625543767,11564.339566457562,2.3817482075350487,2.219893053458952,64.77685272210921,3.2857907643385844,1.7815956931821502,0,1
71.93042448152545,17982.633100697567,2.1252276299588364,2.2198930534589523,62.315468160504345,3.645107576903216,1.9763103011439282,0,0
60.18254186779175,15210.191008958953,2.1105758575394287,2.121095010100003,73.70251696381067,1.8966485979369843,1.6947146079614246,1,0
70.04020784504482,17659.330079430423,3.9093917937547014,1.1021763173907584,32.13120856440819,2.9858713263848022,1.78159569318215,0,1
68.70025875840956,17539.49671264258,2.107025757127927,2.87890498989989,30.650943182089968,3.4036541955203194,1.9763103011439282,0,1
70.04020784504482,17899.022710718684,3.9499838904796443,3.533346442974764,59.957174010338534,3.4687825392601965,1.9763103011439282,1,0
66.38719352926736,16835.76476075172,2.1114675218866363,2.8789049898998895,41.88254056288535,2.7828550748987393,1.9763103011439282,0,1
71.30469382691848,18224.264400836113,3.5554360334450714,2.234320803724682,43.39075589321311,3.2650816805030507,1.9763103011439282,1,0
71.23009685509521,18201.078371257103,3.947385129998044,1.1021763173907568,25.345262012504456,3.207617449210728,1.78159569318215,0,0
71.75216675989886,16382.93996227917,3.3256700701886417,1.4810813072912605,22.952976945769823,3.285790764338584,1.78159569318215,0,0
65.49268387769003,16584.173933483347,3.5426074121305766,1.481081307291258,23.09126318763481,3.281271949205103,1.2184043068181147,1,0
65.49268387769001,16491.3723369483,1.0879940508221047,1.4666535570255217,61.5744012514461,3.5896994546269916,1.0236896988565205,1,0
70.95322229249241,18111.829642002285,3.9448505649318326,3.533346442974764,63.650857538607056,3.236018364818994,1.78159569318215,0,0
71.23009685509521,18145.354415135607,3.9382861552262907,3.5333464429747634,65.25679451013107,3.865024790912282,1.9763103011439282,0,0
71.93042448152545,18195.33152253736,3.91659192957283,3.533346442974764,60.78747788404168,3.10944830641073,1.7815956931821502,0,0
71.23009685509521,6849.290212751916,2.203900707567722,1.481081307291261,20.09426443617202,3.9871488365725485,1.9763103011439282,1,0
71.93042448152545,18150.676195259468,2.117943269393856,2.87890498989989,22.952976945769834,3.285790764338584,1.78159569318215,1,1
65.70376255437671,15430.282392161229,2.176501250317136,2.219893053458952,64.77685272210921,3.285790764338584,1.78159569318215,0,0
71.90539883413399,18232.29892500962,3.923553574131953,3.5333464429747634,63.650857538607056,3.7449520269034395,1.9763103011439282,0,1
67.99269407916869,17321.56548175897,2.1084422124173297,2.8789049898998895,21.240211765884755,3.3417592331506785,1.7815956931821502,0,0
68.70025875840955,17517.32715334858,3.5538963455618364,3.518918692709035,68.65473798750185,3.207617449210728,1.7815956931821502,0,0
69.91747025442534,17865.774598920405,2.1069767601235765,2.2198930534589527,66.58977016923723,3.964688771867582,1.9763103011439282,0,0
71.23009685509521,17879.278629591525,3.5167434605703862,3.5189186927090343,67.71747016748559,3.176990107314004,1.78159569318215,0,0
65.49268387769003,16620.06556626727,3.9374051871350377,3.533346442974763,58.17700278812349,3.3356826213614825,1.9763103011439282,1,0
65.49268387769003,16564.6704684956,3.926472263333328,1.1021763173907555,46.39365686438201,2.5198136307730996,1.78159569318215,0,1
71.23009685509521,18085.446406204268,3.9285039807391855,3.5333464429747625,65.67929366826066,3.896614225994459,1.9763103011439282,1,1
67.99269407916869,17074.406194062954,3.899787288715275,1.102176317390757,26.476913131442593,2.0362746795146442,1.3052853920383927,0,0
71.93042448152545,18349.028430303384,3.5505156391465333,1.4810813072912614,25.526432309551637,3.6868990212943555,1.9763103011439282,0,0
65.70376255437671,13525.801861717573,3.320414236586672,3.5333464429747634,60.78747788404168,3.1094483064107297,1.78159569318215,1,0
62.4653876912689,15768.607825851788,3.926427093411195,1.1021763173907573,20.829242206581977,3.946524734935228,1.9763103011439282,1,0
71.93042448152545,18405.329415666973,3.950174023433041,1.102176317390755,26.476913131442558,3.170638194202338,1.78159569318215,0,0
71.23009685509521,17966.510983688164,3.9090834211762138,3.5333464429747634,60.78747788404168,3.530862734716543,1.9763103011439282,0,0
71.93042448152545,16163.746968259598,1.4082916307810964,1.466653557025523,65.67929366826067,3.896614225994459,1.9763103011439282,0,0
62.46538769126889,15633.181681333917,3.5178749140989205,1.4810813072912594,20.01781854272357,3.3817036912644296,1.7815956931821497,0,1
71.93042448152545,18384.20873954638,3.946796482271544,3.5333464429747634,65.67929366826066,3.325681389070195,1.78159569318215,0,0
67.99269407916869,17210.700279512268,3.538323451365491,2.23432080372468,39.96670152689114,3.3814275673974357,1.78159569318215,0,0
65.70376255437671,16704.896795410357,3.9430683580190626,1.1021763173907544,26.282529832520396,3.176990107314004,1.78159569318215,1,1
70.04020784504482,13513.846865197374,2.308259751776694,2.2198930534589514,64.12781520360157,3.780613217950524,1.9763103011439282,1,1
71.93042448152545,16744.157443678334,3.6845254864410943,3.5333464429747634,62.31546816050434,3.176990107314003,1.78159569318215,0,0
67.99269407916869,17191.09965489462,3.9208985007999786,1.1021763173907557,23.09126318763486,3.2812719492051032,1.78159569318215,1,1
67.99269407916869,17149.08247594911,3.9132971016333267,3.533346442974764,63.00834694055216,2.0107046821176535,1.305285392038392,1,1
71.93042448152545,18352.465026164544,3.550916236828342,1.4810813072912596,20.50061553354504,3.964688771867582,1.0236896988565203,1,0
71.93042448152545,18336.497394215352,3.9391666586898637,2.13552276036574,39.984431190686344,3.9871488365725485,1.9763103011439282,0,1
70.04020784504482,17701.279880311362,3.916496018718978,3.533346442974764,66.04302085783684,3.9238093960241605,1.0236896988565212,1,0
67.99269407916869,17068.582544321245,3.8987337223549323,3.5333464429747634,66.94043295230139,3.9909071417937625,1.9763103011439282,0,0
70.04020784504482,8355.68964141416,2.66618552176095,1.102176317390739,72.7597882341227,3.9238093960241605,1.9763103011439282,1,1
71.93042448152545,17524.8792909891,2.1450704197420363,2.598798043358782,40.729829667882846,3.829140482827362,1.9763103011439282,1,1
67.99269407916869,17024.595165084218,3.8907758909091523,1.102176317390755,34.47889492781999,2.9091553745693797,1.7815956931821502,0,1
71.93042448152545,18392.67102680285,3.9481497402527728,1.1021763173907582,36.11417817455582,3.1016872210923565,1.9763103011439282,0,0
69.91747025442534,17649.830739839526,3.5301245498898193,3.25323949643326,63.650857538607056,3.7449520269034395,1.9763103011439282,0,0
71.93042448152545,18317.832640003275,3.9361818595640896,1.1021763173907557,30.650943182089968,3.034242339444197,1.7815956931821502,1,0
71.23009685509521,18201.665839064575,3.9474810556130118,1.1021763173907573,43.37642361176315,2.6184085386923197,1.78159569318215,1,1
65.70376255437671,13392.909038814798,3.2943859909334092,1.1021763173907546,26.282529832520396,3.176990107314004,1.7815956931821502,1,1
71.93042448152545,18382.682622392218,3.9465524312063214,1.1021763173907582,21.240211765884805,3.9238093960241605,1.9763103011439282,1,0
71.90539883413399,18398.48447409862,3.9501489740582647,1.102176317390753,30.65094318208991,3.4036541955203186,1.9763103011439282,0,1
71.93042448152545,18298.63112780281,3.9331112240669235,2.135522760365741,39.966701526891185,3.9909071417937625,1.9763103011439282,1,1
62.4653876912689,15851.65662265889,2.1083487794676308,2.8789049898998895,21.331706265066632,3.918752260987347,1.0236896988565207,1,0
71.93042448152545,18098.070473246353,3.90103829883132,1.1021763173907564,38.94772837485909,2.945069652553692,1.9763103011439282,0,1
62.465387691268894,15735.652313523455,2.1153227816125586,2.878904989899889,24.643515276069706,3.7357001044692733,1.9763103011439282,0,1
62.465387691268894,15562.23752029389,3.8806574813493233,1.1021763173907533,30.650943182089932,3.403654195520319,1.9763103011439282,1,0
65.49268387769001,16648.3547878673,3.9429884231361294,3.5333464429747643,58.17700278812349,3.3356826213614825,1.9763103011439282,1,0
71.93042448152545,18387.420484399485,3.9473100927440337,2.135522760365739,40.43954100457284,3.322170342330714,1.78159569318215,0,0
67.99269407916869,17351.44288154632,3.9499064661140997,1.102176317390756,26.47691313144257,3.6343635146881006,1.9763103011439282,0,1
51.17800281430574,12845.636054099083,3.9446773113669753,2.135522760365739,39.98443119068633,3.3792056491197577,1.2184043068181154,1,0
67.99269407916869,17241.810306713814,2.1123533532252177,2.8789049898998904,34.47889492782001,3.1920735096247976,1.9763103011439282,1,0
71.23009685509521,18217.51732079586,2.1069328811554513,2.5987980433587814,40.28323262372565,3.341759233150679,1.78159569318215,0,0
67.22112347927339,17145.498197480392,1.0500509847720394,1.466653557025523,63.008346940552165,3.6969127670935027,1.9763103011439282,0,0
69.91747025442534,17867.329731122503,2.1069050964760705,2.8789049898998895,34.478894927819965,3.192073509624797,1.9763103011439282,0,1
65.49268387769004,16336.410752403499,3.8814223187819,2.1355227603657387,42.42980473890853,3.4687825392601965,1.9763103011439282,0,1
65.70376255437671,15352.186590173396,3.6781279891524807,3.8978236826096495,64.52736927143783,3.4687825392601965,1.9763103011439282,0,1
71.23009685509521,18133.104623217714,3.936285928476827,1.1021763173907568,23.830940014632013,3.7806132179505245,1.9763103011439282,0,0
71.23009685509521,15966.960482383529,2.2065464352216178,2.8789049898998895,20.017818542723614,3.381703691264429,1.2184043068181154,0,1
71.93042448152545,18146.60200274149,1.0912007167401492,3.897823682608858,31.88069581693027,3.3356826213614825,1.9763103011439282,0,1
67.99269407916869,14299.249215295782,1.6022710711069683,1.4666535570255244,59.95717401033854,3.4687825392601965,1.9763103011439282,0,1
62.465387691268894,15867.542665600391,1.051630751575889,3.897823682608858,22.952976945769823,3.829140482827362,1.9763103011439282,0,1
71.93042448152545,18341.421356250434,3.9399540806623508,1.1021763173907577,24.643515276069763,3.7357001044692733,1.9763103011439282,0,0
68.70025875840956,17314.872463402677,3.9100261911661534,1.102176317390755,30.650943182089954,3.034242339444197,1.7815956931821502,0,1
70.04020784504482,17899.666048777424,3.9500928401814646,1.1021763173907568,20.500615533545105,3.3659272096774,1.78159569318215,0,0
71.93042448152545,18404.974044437175,3.9501171937676736,3.8978236826096495,72.66829373494082,3.918752260987347,1.9763103011439282,1,1
67.99269407916869,17169.659544205795,3.9170197339809523,3.8978236826096495,62.11930418307412,3.3356826213614825,1.9763103011439282,0,1
69.34230753831261,12654.46323219287,1.9256755875613996,3.897823682608858,21.331706265066614,3.918752260987347,1.9763103011439282,1,1
69.91747025442534,17747.38086203912,3.9297803604288464,3.5333464429747634,59.957174010338534,3.468782539260196,1.9763103011439282,1,0
62.46538769126889,15827.430223889809,3.9394729544979965,3.5333464429747634,65.67929366826066,3.896614225994459,1.9763103011439282,0,0
67.99269407916867,17351.281416812744,3.556862217955138,2.234320803724682,40.09038570278649,3.964688771867582,1.9763103011439282,0,0
62.46538769126889,15585.986303339763,3.5102450530572535,3.5189186927090343,69.52387199032802,3.74495202690344,1.9763103011439282,0,1
71.23009685509521,18193.75358587572,3.946189090771245,3.533346442974764,63.00834694055216,3.207617449210728,1.7815956931821502,0,1
71.93042448152545,18334.945751717067,3.938918525705107,2.1355227603657396,40.28323262372567,3.9238093960241605,1.0236896988565207,1,1
71.93042448152545,18273.632242312608,3.929113493868676,1.1021763173907555,30.650943182089968,3.403654195520319,1.9763103011439282,1,0
70.42451948052606,17854.673594494918,2.1136263491485776,2.598798043358781,47.23663077508114,2.520505545817061,1.3052853920383922,0,0
67.99269407916869,17214.059370757455,3.925052181970547,2.1355227603657396,41.59799799302801,3.645107576903216,1.9763103011439282,0,0
51.178002814305785,10009.613855158193,2.7769480678176595,2.1355227603657396,40.02643774332188,3.978244356040986,1.9763103011439282,0,0
71.93042448152545,18311.417361804386,3.9351559517732833,3.5333464429747634,63.008346940552165,3.696912767093503,1.9763103011439282,0,0
71.23009685509521,18215.541771909386,3.949746809369156,3.8978236826096495,67.71747016748559,3.6451075769032157,1.9763103011439282,0,1
65.70376255437671,16582.669763833896,3.9191291028068482,3.533346442974764,66.73993663600886,3.975916424662448,1.023689698856521,0,1
71.93042448152545,18280.409432420023,3.930197277286232,1.102176317390756,22.303752281445746,3.865024790912282,1.9763103011439282,1,0
67.99269407916869,17297.73738363305,1.0598094866781804,1.1021763173907408,62.11930418307413,3.3356826213614825,1.9763103011439282,0,1
65.70376255437671,15810.185165111432,3.767831098447199,3.5333464429747634,63.650857538607056,3.74495202690344,1.9763103011439282,1,1
71.93042448152545,16999.520111155816,3.7253621488467,3.8978236826096495,65.65053413673087,3.5308627347165435,1.9763103011439282,0,0
71.93042448152545,18259.365996568464,3.9268320881056327,1.1021763173907555,29.472630728567246,3.4687825392601965,1.9763103011439282,1,0
67.99269407916869,17165.872794834595,3.5324119450909044,3.25323949643326,63.650857538607056,3.2360183648189946,1.7815956931821502,1,0
71.93042448152545,18302.904942890847,3.9337946769210856,3.8978236826096495,68.65473798750185,3.696912767093503,1.9763103011439282,0,1
71.23009685509521,18198.814767875814,3.947015513920989,3.5333464429747643,64.24097837862153,3.262103494350972,1.7815956931821502,1,0
67.99269407916869,16951.95931938646,3.504202669878989,2.2343208037246813,40.03741967221014,3.372565022598904,1.78159569318215,0,1
65.70376255437671,13301.456473815071,3.065997039646498,3.2532394964332596,60.78747788404168,3.1094483064107297,1.78159569318215,1,0
62.465387691268894,15776.211987002382,2.112884395901307,2.87890498989989,24.643515276069714,3.7357001044692733,1.9763103011439282,0,0
71.30469382691848,18056.927711531385,3.5355634198213566,3.2532394964332596,62.31546816050434,3.645107576903216,1.9763103011439282,0,0
71.23009685509521,18208.675374621373,3.5559498598187194,1.4810813072912632,20.559394124910895,3.9614399287516724,1.9763103011439282,0,0
70.04020784504482,17891.807656798836,3.9487620165946775,3.533346442974764,66.87144625497774,3.378378146306618,1.7815956931821502,0,0
71.93042448152545,18400.887432618765,3.5565607480123305,3.25323949643326,66.04302085783685,3.9238093960241605,1.9763103011439282,1,0
62.71497252932376,6217.4729461484585,1.8151258874231808,1.1021763173907564,23.67786244116421,3.262103494350972,1.78159569318215,0,0
65.70376255437671,16407.542424742704,3.5094463408872376,3.2532394964332596,63.650857538607056,3.7449520269034395,1.9763103011439282,0,1
70.04020784504482,17211.269084255866,2.138527732157837,2.2198930534589523,65.2567945101311,3.3070056458670054,1.7815956931821502,0,0
65.7037625543767,5684.434218372153,1.7846123864908523,3.5333464429747634,57.99181029228389,3.321836140930775,1.9763103011439282,1,1
67.99269407916869,17198.224259153947,3.9221874250504576,2.135522760365739,41.35360895305999,3.207617449210728,1.7815956931821502,1,1
68.16121828736547,14563.161576868073,3.185335478146232,3.253239496433259,66.3468316585551,3.355188591262748,1.78159569318215,0,0
62.46538769126889,15776.604512387341,3.928200629771105,1.102176317390755,20.50061553354504,3.964688771867582,1.0236896988565205,1,0
71.23009685509521,18132.467284212777,3.9361818595640896,1.1021763173907546,22.303752281445725,3.307005645867005,1.2184043068181154,0,1
71.93042448152545,18136.087635400374,2.118575656761003,2.8789049898998886,25.34526201250441,3.696912767093503,1.9763103011439282,0,1
70.04020784504482,17829.4203165759,2.1101511901035495,2.87890498989989,28.349465863274524,3.530862734716543,1.9763103011439282,0,1
71.93042448152545,14520.13940215416,3.104189061757793,2.2343208037246822,39.98443119068635,3.9871488365725485,1.9763103011439282,0,0
65.70376255437671,11557.014609300908,2.065190321474517,1.102176317390737,68.65473798750185,3.207617449210728,1.7815956931821502,1,1
62.465387691268894,15677.145629177878,1.0938577496472837,2.864477239634161,40.02643774332192,1.8956969446877379,1.6947146079614248,1,0
63.52968639090952,15927.046220078735,3.900635427293717,3.5333464429747634,65.59986366778116,3.3221703423307143,1.78159569318215,0,0
69.34230753831261,17343.442475531836,1.113912182699983,3.897823682608858,31.880695816930288,3.3356826213614825,1.9763103011439282,0,1
67.99269407916869,17339.839507868954,3.55535334640009,1.4810813072912619,29.702826876882114,3.456059009240444,1.9763103011439282,0,1
71.98627507858586,18294.61044332626,3.9301142357635976,1.102176317390756,28.349465863274574,3.530862734716542,1.9763103011439282,0,1
71.93042448152545,18398.930887964438,2.1071818828678213,2.2198930534589527,64.24097837862152,3.2621034943509715,1.78159569318215,0,0
69.91747025442534,17557.004455158552,1.102583982175266,3.897823682608858,30.650943182089975,3.4036541955203194,1.9763103011439282,0,1
71.93042448152545,16255.78352838313,3.306509916901275,1.48108130729126,20.11958794483118,3.9857491414647495,1.0236896988565203,1,0
71.75216675989886,17810.507745332292,1.1377911449852514,3.897823682608858,29.472630728567253,3.072746358897882,1.78159569318215,0,1
59.25217062929611,11308.484442152236,1.9966475503486731,1.466653557025523,59.78700063725361,3.4560590092404446,1.9763103011439282,0,0
71.93042448152545,18166.22037514809,3.9119365815146407,3.533346442974764,63.650857538607056,3.7449520269034395,1.9763103011439282,1,0
65.70376255437671,16558.36473203446,3.91436874536641,1.1021763173907568,20.255365727867648,3.3739413007281946,1.7815956931821502,0,0
71.93042448152545,18329.422726824858,2.1101949344262296,2.878904989899889,34.47889492781999,3.192073509624797,1.9763103011439282,1,0
70.04020784504482,17380.71912678525,2.1307490430498506,2.219893053458952,61.574401251446105,3.1442327040774525,1.78159569318215,0,0
65.49268387769001,16497.059416995337,3.9131283664193344,3.533346442974764,62.17176957175246,3.170638194202338,1.7815956931821502,0,0
71.93042448152545,18005.041846096774,2.1242562518625063,2.8789049898998895,28.349465863274535,3.5308627347165435,1.9763103011439282,0,1
67.99269407916869,17045.83769646594,3.8946189133203433,3.5333464429747634,64.12781520360157,3.780613217950524,1.9763103011439282,0,0
67.99269407916869,16999.409084368584,3.8862194342938396,1.1021763173907555,20.297483036197054,3.372565022598904,1.2184043068181154,1,0
71.93042448152545,18402.84745050393,3.949777116655449,1.1021763173907557,41.88254056288536,2.7828550748987397,1.9763103011439282,0,0
65.7037625543767,7714.055502009209,2.817868167389353,3.897823682608858,22.426812092030058,3.8582229603618696,1.0236896988565203,0,1
69.91747025442534,17840.295707337802,2.1081508791487775,2.598798043358782,41.59799799302802,3.176990107314004,1.7815956931821502,0,0
71.93042448152545,18273.3089702016,3.929061797376808,3.8978236826096495,65.65053413673087,3.5308627347165435,1.9763103011439282,0,0
71.23009685509521,17666.199093165327,3.8600465166612654,2.1355227603657387,39.96670152689114,3.9909071417937625,1.9763103011439282,1,1
71.23009685509521,17828.834741303912,1.1133972629556559,3.897823682608858,21.732231149175846,1.9290671630762355,1.305285392038392,1,0
67.99269407916869,17075.129989531946,3.8999182317822045,1.1021763173907533,20.11958794483115,3.9857491414647495,1.0236896988565198,0,1
51.17800281430578,12509.933269781317,3.452314954981924,3.2532394964332596,65.67929366826066,3.896614225994459,1.9763103011439282,1,1
65.49268387769001,16682.035124080903,2.107050450350396,2.598798043358781,40.72982966788282,3.829140482827362,1.9763103011439282,0,0
67.99269407916869,17132.295816686837,3.9102601986110512,3.5333464429747634,57.2327365168766,3.2650816805030507,1.9763103011439282,0,1
55.381770410665325,8950.06962665422,2.5327415224668863,2.8789049898998886,24.476128009678515,3.236018364818994,1.78159569318215,1,1
67.99269407916869,17237.163457503917,3.5418132131459705,3.2532394964332605,60.78747788404168,3.5308627347165435,1.9763103011439282,0,0
62.46538769126889,15792.574768880002,2.1119006904100006,2.8789049898998886,25.3452620125044,3.2076174492107277,1.218404306818115,1,0
62.4653876912689,15718.454654626457,2.1163566786369845,2.5987980433587814,41.85938372985825,3.5896994546269925,1.9763103011439282,0,0
67.99269407916869,17272.083005123175,3.9355493361580205,2.13552276036574,41.85938372985825,3.589699454626992,1.9763103011439282,0,0
51.17800281430579,12825.021462233242,3.5468846078227085,1.4810813072912608,28.5684007119599,3.5187616455366837,1.9763103011439282,1,1
67.99269407916869,17033.950201132066,3.892468326360622,3.8978236826096495,66.71501752159668,3.5896994546269916,1.9763103011439282,1,0
65.7037625543767,16717.2907309327,2.1081726284630773,2.2198930534589527,66.87144625497773,3.9857491414647495,1.0236896988565212,0,1
71.93042448152545,18261.87694213774,3.927233629323636,1.102176317390757,20.094264436172043,3.3792056491197577,1.2184043068181158,0,1
71.90539883413399,18398.712191324576,3.9501854166414363,3.5333464429747634,63.527115868984076,3.2305486080136943,1.7815956931821502,0,0
62.46538769126889,15736.349581917657,3.9192727341313027,3.8978236826096495,73.17075779342562,3.3551885912627486,1.7815956931821502,0,0
71.93042448152545,18349.33980774737,3.9412203704209503,1.1021763173907568,29.702826876882103,3.4560590092404446,1.9763103011439282,0,1
55.38177041066535,13555.65230982552,3.816927451509267,3.5333464429747634,60.787477884041685,3.10944830641073,1.78159569318215,1,1
51.17800281430576,11375.443435835174,3.339327002530098,1.1021763173907537,20.297483036197036,3.975916424662448,1.9763103011439282,1,1
59.2521706292961,14474.270936715666,3.8116298841781306,1.1021763173907568,30.891676347787328,3.390348257593369,1.9763103011439282,0,0
67.99269407916869,17348.27512928711,2.1071323890440845,2.8789049898998886,27.284982478409038,3.589699454626992,1.9763103011439282,0,0
64.53950345321687,16356.733906737607,3.935191928432758,3.533346442974764,65.67929366826067,3.896614225994459,1.9763103011439282,0,0
71.93042448152545,17615.528071868335,3.465012846538314,2.234320803724682,40.17607386514118,3.355188591262748,1.78159569318215,0,0
71.93042448152545,18303.139832274534,3.9338322395709397,3.5333464429747634,65.16582207982921,3.8582229603618696,1.9763103011439282,0,1
65.70376255437671,16741.160889668095,3.557076341308826,3.5189186927090343,71.69624771856142,3.307005645867005,1.2184043068181154,1,0
71.23009685509521,17008.032742089246,2.1604667690434742,2.878904989899889,20.500615533545073,1.9012384378103426,1.3052853920383924,0,0
69.91747025442534,17802.412214843644,3.9391357925713884,2.13552276036574,40.729829667882846,3.829140482827362,1.9763103011439282,0,1
51.17800281430577,12637.766023739128,3.4906823056255574,1.481081307291261,29.47263072856724,3.468782539260197,1.9763103011439282,1,0
67.99269407916869,17286.856159213025,3.9382219725416543,1.1021763173907595,20.11958794483125,3.9857491414647495,1.9763103011439282,0,0
67.99269407916869,17321.19669215819,1.055565423351025,1.466653557025524,60.78747788404168,3.530862734716543,1.9763103011439282,1,0
62.46538769126889,15643.442862179252,3.8986675191083746,1.102176317390756,20.500615533545066,3.3659272096773996,1.78159569318215,0,0
62.46538769126889,15769.624235723355,3.539932958221174,3.253239496433259,66.54631787330995,3.9614399287516724,1.9763103011439282,0,0
71.90539883413399,18323.396138098182,3.548300912274256,3.25323949643326,63.00834694055216,3.2076174492107286,1.7815956931821502,0,0
66.38719352926736,16923.891366182117,1.0498145833589656,2.8644772396341596,40.765887282545876,3.2812719492051032,1.2184043068181156,1,0
69.91747025442534,17707.643629517523,3.5372887131960624,1.4810813072912623,30.65094318208996,3.0342423394441975,1.78159569318215,0,1
71.23009685509521,18026.38169196766,3.9188595049670782,3.533346442974763,65.67929366826066,3.896614225994459,1.9763103011439282,1,0
67.99269407916869,17101.948086049637,3.9047699391465933,1.1021763173907564,27.491967177432823,3.5782588807905578,1.9763103011439282,1,0
67.99269407916869,17337.246731837826,3.9473382165725543,1.1021763173907555,20.017818542723614,3.9913741966721763,1.9763103011439282,0,0
71.23009685509521,18192.71772080169,3.946019947895693,3.8978236826096495,62.11930418307412,3.3356826213614825,1.9763103011439282,1,0
65.70376255437671,15356.661277815492,2.180409872453499,2.219893053458952,66.3468316585551,3.355188591262748,1.2184043068181154,1,0
62.465387691268894,15631.348298032113,2.12159337994794,2.8789049898998895,30.65094318208996,3.4036541955203194,1.9763103011439282,0,1
62.465387691268894,15850.97347906216,1.0553055304544947,1.4666535570255237,66.04302085783684,3.341759233150678,1.7815956931821497,0,0
60.18254186779176,15152.189579301034,1.0775575839020424,1.10217631739074,73.74463427214012,3.978244356040986,1.0236896988565216,1,1
71.93042448152545,18287.06278815097,3.931261257563901,2.13552276036574,41.859383729858266,3.589699454626992,1.9763103011439282,0,0
67.99269407916869,17196.866470948728,3.921941785281423,2.1355227603657396,41.12698554828912,3.236018364818994,1.78159569318215,0,0
71.93042448152545,18359.646175704387,3.9428685270330592,1.1021763173907542,31.880695816930245,3.3356826213614825,1.9763103011439282,0,1
66.38719352926736,16864.292238464437,3.9387934272627585,3.533346442974764,64.77685272210923,3.829140482827362,1.9763103011439282,0,0
65.49268387769001,16262.618704700035,3.8668585240208664,1.1021763173907546,31.880695816930245,3.3356826213614825,1.9763103011439282,0,1
71.93042448152545,18348.328183856433,2.109375417468257,2.1210950101000026,69.52387199032802,3.74495202690344,1.9763103011439282,0,0
71.23009685509521,18030.485636628167,3.9195296240959,3.8978236826096495,70.32213755884257,3.262103494350972,1.7815956931821502,0,1
71.93042448152545,18394.81457309601,3.9484925283242998,1.102176317390757,34.47889492782001,3.192073509624797,1.9763103011439282,0,1
69.91747025442534,16688.61655807434,1.2502115368427196,3.897823682608858,20.829242206581966,3.946524734935228,1.9763103011439282,0,1
