age,studytime,failures,absences,G1,G2,goout,health,pass_fail,overall
17.187366505669743,2.017294862210777,1.9805739716186181,20.76074962312585,12.25178692727498,6.809865014098156,3.005861662751422,3.001074234008084,1,0
17.18736650566974,2.0084479608377332,1.9893818135007935,20.37726014350356,11.70004658480241,7.454799812611938,2.5694546019014495,2.5767464637751223,0,1
18.72510812425814,2.5842979841585842,1.4160741954558946,15.104865412483516,9.102807664258696,9.782368260009854,2.9993847344015983,2.9996520405434097,0,1
20.218264318067256,3.1434517578699017,0.859389112283399,10.27007618808506,6.188015399231106,12.335987287261162,3.417785915848567,2.923434721864235,0,0
17.187366505669736,2.49115309862666,1.5051230794510524,16.05249276378612,9.531100982706386,9.476376103676731,2.9950268145339205,2.997187447312515,1,0
18.72510812425814,2.5842979841585842,1.416074195455895,15.108047573907516,9.011403758544697,9.918375353873683,2.9370774511046607,2.964414561812325,0,1
18.72510812425814,2.5842979841585834,1.4160741954558933,15.104865412483505,9.318761171693325,9.648066906757748,3.0311703107149865,3.017628166447671,1,0
15.909608049026733,1.5474145989542736,2.4483796911363216,26.115213887382946,14.58398885099635,4.5299145110250985,3.7474877386981036,2.86301212069284,0,1
20.218264318067256,2.5115807763712654,1.488470353307913,15.877027267215428,9.43263764604213,9.567288815486844,3.009912709951421,3.0097448249569956,1,0
18.72510812425814,2.584297984158584,1.4160741954558946,15.168598871453312,9.257580058106491,9.732711665671939,2.9994929335109073,2.999907072772686,0,1
17.187366505669736,2.017294862210779,1.9805739716186175,21.12569865958114,12.307769816687683,6.8898501082203625,2.450524192603193,3.100699344870833,1,0
20.218264318067256,3.143451757869901,0.8593891122833996,9.653863458324324,7.649593500828497,11.166748009778846,2.9963682436843793,2.999334428419248,0,1
18.72510812425814,2.5827807979964286,1.4520631476196701,15.798266276848164,9.391157510726764,9.569895788509658,2.9894878579023456,2.9980734987634095,1,0
18.725108124258135,2.501517186162209,1.4984895122869495,15.983889462802118,9.491174924029076,9.508815441767913,3.0018557830714006,3.0010495260433103,1,0
15.909608049026726,3.452585401045131,0.5516203088642722,7.517247865791585,4.474127700656951,14.41327099970145,4.0343174382523905,4.01679988975094,1,0
21.371097190554313,3.575162019517185,0.4295848720000882,8.643770187809896,5.470383472957943,13.245999077082562,2.991837664885941,2.998504134690663,0,0
15.909608049026726,1.5299558473630857,2.4657613615078176,26.30060304656771,14.070620597916381,5.112420644161334,2.3401196461646205,2.455784483792173,0,1
17.18736650566974,2.0084479608377346,1.9893818135007932,21.1324407508742,12.54087534207377,6.896158239906977,2.4518521491939547,3.100455977725445,0,1
15.909608049026728,1.529955847363085,2.4657613615078176,26.26398488644324,15.122434886847001,4.273290273219651,2.2300227437950224,2.364985534849831,0,1
18.72510812425814,2.5015171861622107,1.498489512286949,15.983889462802114,9.49076906055797,9.50592786691388,2.999987083489541,3.0000023671363225,0,1
15.90960804902673,1.5299558473630837,2.465761361507818,25.56720153266354,14.74074891592944,4.264972331024653,2.2287973789587574,3.1413339725900613,1,0
20.218264318067256,3.1434517578699017,1.1273888066142512,13.43929855115032,7.9828321899491455,10.652420661045475,2.997488935946256,3.0004601886047335,0,1
20.218264318067256,3.143451757869902,0.8593891122833993,9.167382000688313,8.116592747356544,10.746099862970379,2.997284813888672,3.000497596907697,1,0
17.18736650566974,2.0084479608377355,1.9893818135007935,21.219641207441597,12.123434165631853,6.879429798082156,3.0057100847431713,2.9989535448420974,0,1
18.72510812425814,2.5842979841585847,1.4160741954558946,15.119819724785561,9.057614227847553,9.941902826243,3.065099296392228,2.98806961760645,0,1
18.72510812425814,2.5842979841585842,1.4160741954558955,15.104865412483527,9.00966062509275,9.955827703091186,2.9314447166401076,3.0125637417131834,1,0
17.187366505669736,2.0084479608377355,1.9893818135007937,21.132440750874203,12.31146301866682,6.751525925528521,2.595106168653511,2.7710149277023546,0,1
18.725108124258135,2.582780797996427,1.4175846831688956,15.183562340627866,9.089651785518953,9.907464839049586,3.060026034574655,3.0590094134358026,1,0
17.187366505669733,2.0084479608377332,1.9893818135007935,20.37726014350356,11.44229360008221,7.60122218596022,3.004137337064538,3.0034121382963086,1,0
20.218264318067256,3.143451757869902,0.8593891122833983,11.106486676559388,6.81941732832215,12.177656319797336,2.994165527606194,2.9942643421957573,0,1
15.909608049026726,2.4825412484082268,1.5173816703720806,16.182292007742912,9.599856435416319,9.400252576355884,2.9790016671781125,3.003848246510728,1,0
20.218264318067256,3.1434517578699017,1.1273888066142521,13.439298551150344,8.032781389403372,10.44220926394145,3.1983492203537747,2.9636496524935434,1,0
15.909608049026728,2.482541248408226,1.5173816703720813,16.182292007742916,9.605367600391535,9.396993090059311,2.9783154962918545,3.003973997194899,1,0
15.909608049026724,1.5299558473630857,2.465761361507818,26.30060304656772,14.070620597916378,4.934369080008217,3.0099482698231506,3.0082045218738718,1,0
18.72510812425814,2.501517186162209,1.498489512286949,15.988461651385524,9.49367949051909,9.506276097439855,2.9990560915111897,3.0001729848069063,1,0
17.18736650566974,2.008447960837736,1.9893818135007935,21.132440750874196,12.4666301488873,6.742170880231495,3.006009164711381,2.9988987341362257,0,1
18.725108124258135,2.5842979841585834,1.4160741954558944,15.119819724785561,8.978509616497101,10.009806741055257,3.0751026202318554,3.0738306569603857,1,0
15.90960804902673,1.5299558473630857,2.465761361507817,26.128518940997445,13.275257787123868,5.875931282219096,2.4661171877753874,2.559696983611385,0,1
20.218264318067256,3.143451757869901,0.8593891122833983,9.167382000688328,6.065870567013308,12.909998989411902,2.9925697914181395,2.995797893873449,0,1
17.18736650566974,2.0172948622107767,1.9805739716186175,21.125698659581147,11.410529455664758,7.665982185828822,2.613911667526979,2.7816502552518343,0,1
18.72510812425814,2.5827807979964277,1.4175846831688959,15.120975949680883,9.058195355893131,9.941322332606187,3.0929049882517234,2.9829738246411575,0,1
17.187366505669736,2.491153098626661,1.5088078418824724,16.087253851433736,9.547796163355692,9.453274677642883,2.9901636169214223,2.9918877531909955,0,1
18.72510812425814,2.5842979841585834,1.4160741954558957,15.168598871453323,9.044572720846572,9.889973423684173,2.9991502684052556,2.9995194398244864,0,1
18.72510812425814,2.50151718616221,1.4984895122869495,15.984158608926023,9.492037987876378,9.507171758133596,3.001509762946306,3.000853836612582,1,0
20.218264318067256,3.1434517578699013,0.8593891122833986,11.597520263900062,7.546515871667073,11.375252266035693,2.717967009030942,2.767402183023389,0,0
18.72510812425814,2.5015171861622085,1.4984895122869488,15.983889462802114,9.498262652699239,9.501017144366685,3.0002141241864635,3.000210497707122,1,0
15.909608049026733,1.5299558473630865,2.465761361507818,26.300603046567712,12.503449846624637,7.046267913191089,2.483452492984796,2.9053352397847294,0,1
20.218264318067256,3.143451757869901,0.8593891122834006,9.65386345832433,5.8318349090958845,13.164160610115205,2.448919916014047,3.1009933516302652,1,1
17.18736650566974,2.4911530986266603,1.508807841882473,16.092373123311386,9.526934155387567,9.475739141692717,3.003648769051402,3.002063537600103,1,0
18.725108124258135,2.582780797996427,1.4175846831688967,15.120975949680872,8.97919465816533,9.98414937668634,3.1019207251251015,3.057640603053367,1,0
21.371097190554313,3.5558113677267444,0.8885988671143807,9.478926965721651,6.295685241115084,8.077168433430426,3.213990111961382,3.1764815978647643,0,1
17.18736650566974,2.008447960837734,1.9893818135007937,21.219641207441597,11.816077952777254,7.200196328505655,3.005011151331598,3.0009183655574088,1,0
17.18736650566974,2.0084479608377332,1.9893818135007932,21.219641207441597,11.816077952777254,7.200196328505665,3.005011151331598,3.002834024035745,1,0
21.955274052755975,3.7706353638995713,2.029223651914591,21.64458569010891,11.60393703223633,7.6048851359147465,2.720819517532209,3.0511638388929607,1,1
20.218264318067256,3.143451757869901,0.859389112283399,9.653863458324317,8.944156697488747,10.043390005942626,2.9988159817354836,2.9988360346675997,0,1
15.909608049026724,1.529955847363085,2.465761361507818,26.300603046567716,15.453907903264792,3.6794854119497016,1.7746941419700484,2.7754450778186435,0,1
17.18736650566974,2.017294862210778,1.9805739716186175,21.040067627565918,11.378611736764476,7.696621684674157,3.0039294665706606,3.002222284256053,1,0
17.187366505669736,2.008447960837736,1.9893818135007932,21.219641207441594,11.816077952777254,7.276674831257901,2.672468933120943,2.7298790794427052,0,1
17.187366505669736,2.4911530986266603,1.5051230794510517,16.054641663980966,9.531583727045202,9.47600941744309,2.9949496215669864,2.9971437913322405,1,0
15.909608049026724,1.5299558473630852,2.4657613615078176,25.567201532663542,11.437081216763712,7.7551800027364495,2.7429603356044505,2.788014641090819,0,1
18.725108124258135,2.5842979841585842,1.4160741954558946,15.104865412483523,9.166351631296589,9.800532750372087,2.9993451549317536,2.999879990222542,0,1
20.218264318067256,2.5115807763712668,1.4884703533079122,15.877027267215425,9.464143610451632,9.529293638330891,3.0061667514283945,2.9988698541037477,0,0
18.725108124258135,2.582780797996427,1.4520631476196713,15.633818858990857,9.299412251197426,9.671759344971708,3.036157925279888,3.0066264598706156,1,0
18.725108124258135,2.584297984158585,1.4160741954558937,15.104865412483509,9.403469410092198,9.556514633368769,3.011897180272228,2.997819670596783,0,1
18.725108124258135,2.584297984158585,1.4160741954558937,15.104865412483512,9.050098068736695,9.946740625500562,3.0940456203940476,3.0775611602199637,1,0
17.187366505669733,2.0084479608377324,1.9893818135007941,21.219641207441597,11.445545170935517,7.568125504234298,2.7154042406524947,3.052156266269635,1,0
17.187366505669736,2.017294862210778,1.9805739716186181,21.12569865958115,10.052751197640317,9.048418179449092,3.067916713833104,2.9875532853372126,0,1
17.187366505669733,2.0084479608377346,1.9893818135007935,16.06711499316863,9.536764442192451,9.464059240488874,2.994705355980933,2.994795027855323,0,1
18.72510812425814,2.501517186162208,1.4984895122869495,15.98846165138552,9.494880162490992,9.504611678019051,3.000679373329155,3.000124504934063,1,0
18.72510812425814,2.5827807979964277,1.4175846831688956,15.183562340627855,9.052769452627254,9.93721064677159,3.092039416546114,2.9831324531058128,0,1
17.187366505669736,2.017294862210777,1.9805739716186181,16.06590706465261,9.53809530290043,9.462758196822879,3.0000811479318426,3.0000797735831375,1,0
18.725108124258135,2.417219202003627,1.582415316831053,16.879024050318584,9.509023861531828,9.494716905526744,2.9992217163761845,3.0001426316681945,1,0
17.187366505669736,2.008447960837734,1.9893818135007932,21.219641207441597,11.445545170935516,7.568125504234324,2.715404240652497,2.839048719727163,0,1
20.218264318067256,3.1434517578699017,0.8593891122833963,11.106486676559364,6.67147360019149,11.922011536429608,3.3568007206831516,2.9346111360344436,0,0
21.371097190554313,3.5751620195171845,2.570415127999807,27.416817619781867,16.244894326976326,12.49497686205385,2.99347410282173,2.998804035479447,1,0
20.218264318067256,3.1434517578699013,0.8593891122833983,15.242854457798085,9.11945248632483,9.825855352929807,3.0490077849656068,2.9910186185211924,0,1
17.187366505669736,2.0172948622107785,1.9805739716186177,20.760749623125847,12.320655286918718,6.8778715590782005,2.448002527858167,3.101161476204714,1,0
17.18736650566974,2.0172948622107776,1.9805739716186181,19.671019612852483,11.345084344366708,7.696253533468205,2.734279531906378,2.951302902337631,0,1
17.187366505669736,2.017294862210777,1.9805739716186181,20.29847868052821,12.046768382240291,7.010290256070899,2.6332262594276115,2.7925734970509453,0,1
20.218264318067256,3.1434517578699017,0.8593891122833993,9.167382000688328,5.585078839553484,10.903411763162236,3.2954392826643266,2.945856502119081,1,0
17.18736650566974,2.008447960837736,1.9893818135007935,21.219641207441594,12.49072534349356,10.827990146368485,2.8002737872971513,2.803656417705032,1,0
20.218264318067256,2.5115807763712654,1.4884703533079133,15.8857829088012,9.433980754437194,9.56454012862372,3.0135866677223024,3.0076838515428337,1,0
20.218264318067256,3.143451757869901,0.8593891122833973,9.281529196905765,8.139704248560331,10.611322480250001,2.997578486722252,2.998630528918826,0,0
15.909608049026732,1.529955847363087,2.4657613615078176,25.56720153266354,15.029990483074966,4.093905246524329,1.8619357497877846,3.2085666427430626,1,0
20.218264318067256,2.5115807763712654,1.488470353307913,15.877027267215432,9.45416370648529,9.545514217682715,2.9931547817980744,3.00125448469096,1,1
20.218264318067256,3.1318709814990258,0.8709187589750986,9.290354733468753,9.431120303487816,9.540326188813896,3.0084892692283827,3.001555780688115,1,1
15.909608049026726,1.5474145989542736,2.4483796911363216,24.482752134213726,13.263997258837726,5.886740856189551,2.2393546088552525,3.1393992083658384,1,0
17.187366505669736,2.008447960837735,1.9893818135007935,19.73830115993142,11.714873657634529,7.441016317142284,3.0044864172329047,3.00082220048652,1,0
15.909608049026719,1.5474145989542736,2.0516248557009256,20.933991064671336,12.351923160399151,6.848804419707984,2.609436834014985,2.6778953430680197,0,1
15.909608049026726,1.5299558473630825,2.465761361507818,26.300603046567716,14.677166951715165,4.328484883762647,2.222217777046813,3.1425397792754963,1,0
15.909608049026723,1.5299558473630863,2.465761361507818,16.132446824528373,9.572552098928362,9.432554352553852,3.0101436473490013,3.0083656533281857,1,0
20.218264318067256,3.1318709814990253,1.134095023282569,19.217067251200234,11.343299985096795,8.099853639618708,2.793736230017146,2.9621991974380975,1,1
20.218264318067256,3.1318709814990258,0.8709187589750986,9.402447520576942,5.602259335974274,12.837558686007048,2.498039983314218,3.091991392798679,1,1
17.18736650566974,2.008447960837735,1.9893818135007935,17.08412688136255,10.044890996797173,8.967316920704116,2.9215273322485222,2.9228563717798455,0,1
17.18736650566974,2.008447960837736,1.9893818135007928,21.21964120744159,12.35922993323048,6.660860889761955,2.402318518249446,3.109533728043182,1,0
17.18736650566974,2.0084479608377377,1.9893818135007928,21.21964120744159,12.123434165631851,6.8794297980821515,3.3941268412135956,3.2228958710722058,1,0
21.955274052755975,3.7939232572023114,0.7507126088025863,10.276326078409259,6.364669590444046,12.1847217770275,2.994150132346222,2.9942492076750926,0,1
15.909608049026726,1.5299558473630852,2.4657613615078176,26.30060304656771,11.585573781917645,7.497947920947158,2.705065969378376,3.054050903177006,1,0
20.218264318067256,3.1434517578699013,0.8593891122833983,9.281529196905783,5.519431457032997,13.200403248833164,3.778990535850051,3.7657972897640315,1,1
17.187366505669736,2.008447960837734,1.9893818135007935,20.634950361883373,12.179073008259722,6.880949826503558,2.4486505494466035,2.5452919243619827,0,1
17.187366505669736,2.008447960837735,1.9893818135007932,20.848003474556638,12.155653156982408,6.847245979721004,2.609207251082727,2.77898970313618,0,1
17.187366505669736,2.491153098626662,1.5088078418824717,16.08725385143373,9.538716592495373,9.461325673827712,2.9943026582480488,2.998955880178515,0,1
20.218264318067256,3.131870981499026,0.8709187589750996,10.373202748042878,7.85933845164437,11.074957401357073,3.331552219453654,2.939238287036462,0,0
17.187366505669743,2.008447960837735,1.9893818135007935,20.377260143503563,11.861686894842336,7.706093779141409,2.6223557611749424,3.069208738459463,0,1
18.725108124258135,2.584297984158585,1.416074195455895,15.104865412483523,9.050098068736697,9.93982218009691,3.0647927842087603,3.0636954317926213,1,0
15.909608049026723,1.5299558473630834,2.4657613615078176,26.300603046567712,13.339399628925111,5.687578508595577,2.1974279393977243,3.147082873579399,1,0
17.187366505669733,2.008447960837734,1.9893818135007935,21.132440750874196,11.777385052843838,7.313818183091298,2.677940738066299,2.940978008039899,0,1
17.187366505669733,2.491153098626661,1.5088078418824724,16.087253851433736,9.53871659249538,9.461555455652158,2.9943365087559144,3.001037916229039,1,0
20.218264318067256,3.143451757869901,1.7679996943306273,18.810673618140317,11.016457974171958,8.348118520927258,2.830309585362012,3.031098209156578,0,1
18.72510812425814,2.4172192020036265,1.5824153168310544,16.879024050318595,9.509023861531837,9.494716905526753,2.9988878291586314,3.0002038213031463,1,0
18.72510812425814,2.5842979841585834,1.4160741954558937,15.24932829723599,9.281119144156971,9.678819359934984,3.0263429284036194,3.0048277205229503,1,0
18.725108124258135,2.584297984158585,1.416074195455895,15.104865412483523,9.017043183372307,9.913546425286611,2.999098904073667,2.999834861210948,0,1
20.218264318067256,3.131870981499026,0.8709187589750996,9.402447520576942,5.885973904043194,13.033056264033998,2.9923016560841402,2.9956462516796494,0,0
20.218264318067256,3.131870981499027,0.8709187589750993,11.194559609414945,6.722381117802039,12.215388193191918,2.994083311837104,2.995120397987156,0,1
18.725108124258135,2.501517186162209,1.4984895122869495,15.983889462802114,9.49190271284329,9.50808844746982,3.0011915566226817,3.0006738770963346,1,0
20.218264318067256,3.1434517578699,1.1273888066142512,16.725207274767783,9.919181023210454,9.110322293563367,2.942594292223849,2.943566534625493,0,1
21.371097190554313,3.5558113677267436,2.551149910258535,26.413093164944552,15.118232605827725,4.007640129376398,2.1739635728763775,2.1879536040224754,1,1
20.218264318067256,3.1318709814990258,0.8709187589750986,11.194559609414927,6.652866267565478,12.146743247764885,2.6019368017763633,3.0729508064571824,1,1
20.218264318067256,3.1318709814990253,0.8709187589750986,9.554225870806764,5.680999146127076,13.05020721648836,3.523001841388788,3.5141441060514085,1,1
20.218264318067256,2.511580776371266,1.4884703533079133,15.885782908801204,9.46669658043398,9.531969705871756,3.0067301038922882,3.003806166473867,1,1
20.218264318067256,3.131870981499026,1.1340950232825704,12.097336186606857,7.822565019165857,8.755158240937163,2.8879777654921077,3.020529685700551,0,0
20.218264318067256,3.1434517578699026,0.8593891122833983,12.130952137739623,7.555385045269446,11.401047160293416,2.9958577181492463,3.0007591327280063,1,1
17.187366505669736,2.017294862210779,1.9805739716186175,21.125698659581143,12.528190250748665,7.963969137977349,2.7737182873335273,2.958530621521242,1,0
18.72510812425814,2.584297984158585,1.4160741954558964,15.646813168189112,9.322485422924668,9.67732078707516,2.97333142167293,3.004887400555261,1,0
18.725108124258135,2.584297984158585,1.4160741954558955,15.90080710458611,9.4559857720081,9.543966178319646,2.993387602832136,2.993499592617685,0,1
18.72510812425814,2.584297984158585,1.4160741954558955,15.493119831576308,9.245237900676374,9.729476183857374,2.9994999834557365,2.9999083647764766,0,1
20.218264318067256,3.1434517578699017,0.859389112283397,9.167382000688306,6.953241243008046,11.31051791327878,3.3811412499099602,3.3746861133297608,1,0
17.18736650566974,2.008447960837735,1.9893818135007935,21.219641207441597,10.06288188601822,9.040141698600829,3.001002007070416,3.000566678580158,1,0
18.725108124258135,2.5842979841585842,1.4160741954558937,15.10486541248352,9.102807664258698,9.89440140213412,2.9406830701655804,2.9510802323450362,0,1
18.72510812425814,2.582780797996426,1.582415316831097,16.86433888414091,10.010639184261443,9.112125209628228,3.058335344652754,2.9893092090492996,1,0
15.90960804902673,1.5474145989542727,2.448379691136322,25.946226933260668,15.392953800366966,4.453979538921136,3.7589081580675483,2.860919164582357,1,0
18.725108124258135,2.5827807979964263,1.4175846831688963,16.478961799922402,9.76236705949437,9.243511098588984,3.000558875836133,2.9998975779646635,0,1
18.72510812425814,2.5842979841585842,1.4160741954558946,15.10486541248352,8.982598361376917,10.005809601763492,3.074513778205911,3.0732517877613192,1,0
18.725108124258135,2.582780797996426,1.4175846831688967,15.183562340627866,9.032201409593899,9.855333640234486,2.9465587584335466,2.9902061238321958,1,0
18.72510812425814,2.582780797996427,1.5824153168310984,16.86433888414092,10.012104654989345,9.061494853883127,2.9354012357891524,3.0118386526721115,0,1
15.909608049026728,1.5299558473630857,2.465761361507818,25.567201532663542,13.745193042768491,5.259441370777194,3.009239954386082,3.0016933545404454,1,0
21.371097190554316,3.555811367726744,0.44885008974136353,4.788661050691822,3.451085518754699,14.094675670617228,2.9899884431917165,3.0018347617823404,0,1
18.725108124258135,2.584297984158584,1.4160741954558964,15.104865412483527,9.16635163129658,9.833284129785708,3.049098039340926,3.0482664984099976,1,0
15.909608049026726,1.5474145989542738,2.448379691136322,26.115213887382946,14.957516184367961,5.354542676696462,3.00903273363863,3.001655378357996,0,1
15.909608049026726,3.4525854010451313,0.5516203088642742,8.755495194914229,5.858852905128777,12.8848713805335,2.4909242789421815,2.906704552028868,0,1
17.18736650566973,2.0172948622107754,1.779525753477607,18.970762989095412,11.260121618383394,7.863761436412116,2.7589561032569057,2.7630385038778495,0,1
17.187366505669736,2.008447960837733,1.9893818135007935,21.2010856280583,12.58154615047098,6.635343038677412,3.430836845546181,3.0789570487160107,1,0
18.725108124258135,2.5015171861622103,1.4984895122869495,15.98388946280211,9.49530248954772,9.50450938760782,3.0006643043289065,2.9998782566769733,0,1
20.218264318067256,3.1434517578699017,0.8593891122833986,9.28152919690578,6.123241877141112,12.853030807701028,2.495713017051054,2.9075821571642204,0,1
18.72510812425814,2.5827807979964277,1.4520631476196713,15.633818858990864,9.283665362547374,9.664324937721851,3.0345928707445156,2.993660358883357,1,0
21.371097190554313,3.575162019517184,1.947808385107818,20.776227958342083,12.32982591161368,6.869346392623017,2.4462078521056716,3.1014903763493606,1,0
17.18736650566974,2.0084479608377346,1.9893818135007937,21.219641207441597,12.583690178944744,6.8594967369990085,3.397124720985971,3.390398882956254,0,1
17.18736650566974,2.982705137788921,1.0194260283816838,10.959932372437251,7.263603081364661,11.686291944900603,3.460247334995125,2.915653056078799,0,1
17.187366505669736,2.017294862210778,1.9805739716186175,20.76074962312584,11.274500022357941,7.9016245176712125,2.6635179223071153,3.061665180392522,1,0
20.218264318067256,3.1434517578699004,0.859389112283397,9.281529196905776,6.518855993159122,12.4601965356843,3.4360839085237878,3.428698244572134,1,0
20.218264318067256,3.131870981499026,0.8709187589750996,12.20058685007513,7.303880425365623,11.541549572902436,2.9955515707764206,2.9974842197916804,0,0
17.187366505669743,2.0172948622107785,1.9805739716186175,20.298478680528206,11.984587171480205,7.071078338488709,2.4886754606446995,3.093707576268733,1,0
20.218264318067256,3.1434517578699013,0.8593891122833973,9.16738200068831,6.065870567013297,12.857190065199289,2.992684859288569,3.00134060474977,1,0
18.725108124258135,2.5842979841585842,1.5351103772907195,16.347816830136708,9.699290443048161,9.398911149670191,3.000220267292039,3.000216536770993,0,1
18.725108124258135,2.582780797996426,1.417584683168895,15.12410083890165,9.11134287678936,9.873092435429022,3.0549624342577433,2.9899273433920928,0,1
18.72510812425814,2.5842979841585842,1.416074195455896,15.104865412483534,8.971167149875566,9.901694459034534,2.9395862136582283,3.0110716952846484,0,1
18.72510812425814,2.5842979841585856,1.4160741954558944,15.104865412483516,9.009660625092746,9.955827703091188,2.9314447166401063,2.961229005479422,0,1
18.725108124258135,2.5827807979964263,1.4175846831688945,15.120975949680869,9.172356599186099,9.795123793862732,3.043476416506338,2.992032321349577,0,1
18.725108124258135,2.5827807979964263,1.4175846831688956,15.120975949680872,8.980685027323183,9.982763904532254,3.101629062399951,2.9813750125742646,1,0
18.72510812425814,2.584297984158585,1.4160741954558946,15.493119831576298,9.207015421607604,9.750876933271831,3.0528133675008164,3.0298682564148725,1,0
17.187366505669736,2.008447960837735,1.9893818135007928,21.13244075087419,10.539170601845074,8.563970250200999,2.862107969228964,3.02527069795363,1,0
17.187366505669743,2.008447960837735,1.9893818135007941,21.219641207441597,12.123434165631856,6.89499980179464,2.6082148462464887,3.071800264510294,1,0
18.725108124258135,2.5842979841585842,1.4160741954558944,15.10486541248352,9.403469410092196,9.556514633368776,3.0083255020101385,3.0047084335006193,1,0
15.909608049026719,1.5474145989542725,2.0516248557009265,21.46460686382977,12.448348965488377,7.606647715240128,2.721079173427362,2.7699688424847233,1,0
21.371097190554313,3.5751620195171845,0.877393257108283,11.244017156086137,6.750968344847927,11.853941749753258,2.994870884641162,2.995769923825621,0,0
18.725108124258135,2.5842979841585842,1.4160741954558946,15.10486541248352,9.1028076642587,9.89440140213412,3.083027426723114,3.081621246259764,1,0
15.909608049026728,3.4525854010451313,0.5516203088642725,5.884786112623381,3.9590593149233198,14.244598552389839,3.6989546322890243,3.687116901222512,1,0
17.18736650566974,2.017294862210778,1.9805739716186177,21.125698659581147,12.307769816687689,6.6952953834906195,2.40956749705463,3.1082052484143468,1,0
15.909608049026726,1.5474145989542714,2.448379691136322,21.727855219072403,9.55880086256176,9.458197840807644,2.991200016809193,2.9913490562884237,0,1
21.371097190554313,3.5558113677267444,0.8885988671143794,9.94322646488671,5.921743885443049,12.563990348594045,2.9933237260616345,3.001223523224721,1,1
17.187366505669736,2.4911530986266603,1.508807841882473,16.09394254786362,9.519020645096717,9.484460680361273,2.997710811710585,2.998705364455143,0,1
20.218264318067256,3.131870981499026,0.8709187589751,9.402447520576938,7.040858488887088,11.941861971528185,3.5140486692287967,3.5053425678306254,1,1
18.725108124258135,2.582780797996427,1.4175846831688959,15.120975949680865,8.996340955182557,9.96820989153411,3.070417531818224,3.0692249167821073,1,0
17.187366505669743,2.0172948622107785,1.9805739716186177,19.671019612852483,10.868319046529916,8.186478505021325,3.19755016572471,3.1117232110710393,1,0
18.725108124258135,2.584297984158585,1.4160741954558944,15.119819724785575,9.01785234089573,9.981621305739463,3.0724345731144656,3.0712077967875966,1,0
18.72510812425814,2.5842979841585842,1.416074195455893,15.11981972478555,9.321788986814708,9.626692106517629,3.026670593799545,3.0048877699195993,1,0
18.72510812425814,2.501517186162209,1.4984895122869504,15.990877224584839,9.495002700089042,9.504885338756532,3.0010284372809797,2.9998115240761463,0,1
18.725108124258135,2.5827807979964263,1.4175846831688954,15.183562340627859,9.01627592655555,9.914203412211574,3.0610187332981793,2.98881743948458,0,1
17.187366505669736,2.008447960837735,1.9893818135007928,21.21964120744159,11.816077952777254,7.200196328505661,2.661202436455534,2.9379104735210504,0,1
17.18736650566974,2.017294862210778,1.9805739716186168,21.12569865958114,11.410529455664765,7.66598218582882,3.2758314382494875,3.227483281902254,1,0
18.725108124258135,2.584297984158585,1.4160741954558944,15.104865412483527,9.403469410092194,9.556514633368776,3.0083255020101385,2.9984742320101176,0,1
20.218264318067256,3.131870981499026,1.763176264307249,18.60712476145236,10.993818020788249,8.365315530955858,3.170653549075392,2.96872528260491,1,1
17.187366505669736,2.0084479608377337,1.9893818135007941,21.132440750874203,10.996517079275238,8.152016805713334,3.0029371845356843,3.000538281311986,1,0
17.187366505669736,2.0084479608377355,1.9893818135007928,21.21964120744159,12.359229933230486,6.643891445184884,2.5792499022487774,2.586375867616624,0,1
21.371097190554313,3.575162019517184,1.9478083851078167,20.69643525955587,12.282550227003945,7.117356956274252,2.64899888281075,2.801493601597119,0,0
21.955274052755975,3.793923257202312,0.2117894755971338,6.159587535217469,3.812089371798801,15.181701221515484,3.8370047210970366,3.690293253485539,1,0
21.955274052755975,3.770635363899572,0.7641982036569701,9.031198323782757,5.382930562865657,13.327296768387784,3.5756153315827577,2.8945102113547097,0,1
17.187366505669736,2.4911530986266603,1.5088078418824724,16.093942547863612,9.547216289372644,9.452835255941988,2.993051885006485,2.9942697612288507,0,1
21.85509151265419,3.756407124871242,2.023297545312475,13.432248306456238,7.978655051568706,10.914267768285928,3.2083440773809206,3.117827637588854,1,1
15.90960804902672,1.5299558473630834,2.465761361507818,26.300603046567712,13.33939962892511,5.814358151195933,2.4570464888157257,2.900495959720533,0,1
20.218264318067256,3.143451757869901,0.8593891122833993,11.106486676559388,6.6714736001915025,12.265155161997598,2.993974872227633,2.9965925281845625,0,1
17.187366505669736,2.0084479608377355,1.9893818135007928,21.219641207441583,11.44554517093551,7.568125504234309,2.7154042406524956,2.9478437337301444,0,1
17.187366505669736,2.0172948622107785,1.2989517818591603,13.855662929965138,8.229520312484258,10.465039616337947,2.8548605889836907,3.026598884623371,1,0
15.909608049026724,2.482541248408226,1.51738167037208,16.18538915919099,9.56910110658441,9.43366620960541,2.9902279803946237,2.9944734978836567,0,1
18.725108124258135,2.5827807979964263,1.452063147619671,15.488715838765014,9.197073678166179,9.78160538711273,2.999386396661548,3.000112451637291,1,0
20.218264318067256,3.131870981499026,0.870918758975099,9.290354733468767,5.655539174635665,11.96881179011578,3.363695140462835,2.93334763444669,1,1
21.371097190554313,2.5193506517910897,1.4807347822580792,15.794521329518304,9.396724747348197,9.602549573056606,2.9845768148981384,2.9971734794968605,0,1
17.187366505669733,2.008447960837735,1.9893818135007928,20.377260143503563,10.386268401049204,8.64922429966112,3.001853795537631,2.999660265304403,0,1
15.909608049026726,1.5474145989542738,2.4483796911363216,26.11521388738295,13.988359054027196,5.191387831223883,2.3519961026601326,3.1187560344922485,1,0
18.72510812425814,2.582780797996428,1.4175846831688945,15.135661115859012,9.000398754313627,9.988408014697571,2.9265447237722264,2.9277887870708033,0,1
17.18736650566974,2.008447960837735,1.9893818135007928,21.219641207441597,11.445545170935516,7.568125504234304,3.290548824862623,3.2856279921053506,1,0
17.18736650566974,2.0172948622107763,1.9805739716186181,20.760749623125847,11.892791519371317,7.109820655226556,2.647888666114974,3.064529466386882,1,0
21.371097190554313,2.519350651791092,1.4887943899935263,15.88899294018039,9.43583620223105,9.562726250893824,3.013204819180464,2.997580026958949,0,1
15.909608049026726,1.547414598954274,2.4483796911363216,25.946226933260668,15.249073027849404,3.879731099297821,3.0122462705555173,3.012038863592737,1,0
21.371097190554313,3.5751620195171845,0.4295848720000862,4.583182380217007,2.9009028064421156,15.634631380120863,3.9037285184773594,2.834378750571563,0,1
20.218264318067256,3.131870981499026,1.1340950232825704,12.16253493357663,7.226373578775616,10.960063184414318,3.21509046864819,2.9605815779525484,1,1
18.725108124258135,2.584297984158583,1.4160741954558957,15.104865412483537,9.238996656076319,9.685550055851248,3.039061077324519,3.0071585042391216,1,0
17.18736650566974,2.017294862210778,1.9805739716186177,21.125698659581147,12.307769816687689,6.6952953834906195,2.40956749705463,3.1082052484143468,1,0
18.725108124258135,2.5842979841585847,1.4511845727466426,15.516415701590311,9.214305238150887,9.74463480671169,2.999466953613214,2.9994759814663543,0,1
20.218264318067256,3.1434517578699017,0.859389112283398,9.281529196905783,5.616619946273406,13.110055199942051,3.759970912774947,3.7470997894313043,1,1
18.725108124258135,2.50151718616221,1.4984895122869486,15.983889462802107,9.495302489547717,9.504231268210932,3.0006233329298224,3.0006127759533783,1,0
20.218264318067256,2.5115807763712663,1.5048234300235417,16.043143017199586,9.524719882038948,9.47883285109817,2.995543996814224,2.9963250518675455,0,1
15.909608049026726,1.547414598954274,2.448379691136322,26.11521388738295,15.040940685080159,4.083200376454292,3.011802921694133,3.0021630551630603,1,0
20.218264318067256,2.5115807763712654,1.4884703533079113,15.877027267215421,9.454163706485282,9.54128690156758,2.999910038011362,2.9999258066863166,0,0
17.187366505669736,2.0172948622107763,1.779525753477607,18.931554317077126,11.236891212086839,8.180680340344084,2.8056432852212545,2.839710427432789,1,0
18.72510812425814,2.5827807979964263,1.4175846831688963,15.433615991781732,9.17547596851814,9.777883546765182,3.0584986658053506,2.9892792780990236,0,1
18.72510812425814,2.5842979841585842,1.4160741954558957,15.119819724785568,9.017852340895725,9.948212546752668,2.9325900160527496,2.9337316942451555,0,1
15.909608049026728,1.529955847363086,2.0617349007600194,21.89125099526062,12.727126256457645,6.345175343929653,2.3358619631197945,2.347110028599928,0,1
20.218264318067256,2.511580776371266,1.4884703533079118,15.877027267215425,9.510770894931253,9.492342856125845,2.9983880560553793,2.999088375588556,0,1
17.187366505669736,2.0084479608377332,1.9893818135007935,21.219641207441597,11.816077952777249,7.186450474771049,2.65204825816035,2.657941286053352,0,1
18.725108124258135,2.5842979841585842,1.4160741954558942,15.119819724785565,9.10944324545005,9.887812446884107,3.0583259683568134,3.0573381401120225,1,0
15.909608049026733,1.5299558473630834,2.4657613615078176,26.300603046567712,11.585573781917649,7.7961462420123615,3.0037126077908374,3.000680388776483,1,0
15.909608049026732,3.4525854010451313,0.5516203088642752,6.053773066745595,4.051627470156437,14.942424623305568,2.9881412427781413,2.993293356999841,0,1
18.725108124258135,2.5842979841585834,1.4160741954558955,15.49311983157629,9.20054236773179,9.756419682020507,2.9994412749892825,2.9998976056055886,1,0
18.72510812425814,2.5827807979964277,1.4175846831688956,15.120975949680872,9.405206757392907,9.55549748900213,2.9916533241430874,3.0015296484018523,1,0
15.909608049026728,1.5299558473630839,2.4657613615078176,26.12851894099745,14.590676079263702,4.523377105624113,2.2668645014386812,3.134357624872395,1,0
18.72510812425814,2.584297984158585,1.4160741954558944,15.104865412483509,9.050098068736697,9.94941078007573,3.0662053370935536,3.0374419976971305,1,0
15.90960804902673,3.4525854010451313,0.5516203088642742,7.517247865791614,7.026599124219977,11.727908294170716,3.4690082024028257,3.4610649215208453,1,0
18.725108124258135,2.5842979841585847,1.416074195455895,15.168598871453312,9.190107349055289,9.779134860063694,3.0411209929186933,3.040424553932711,1,0
18.725108124258135,2.584297984158585,1.416074195455893,15.104865412483509,9.166351631296576,9.820286635757899,3.047183302286027,3.038912940900171,1,0
17.187366505669736,2.4911530986266603,1.5088078418824717,16.053196039061984,9.523604337606752,9.476561521935787,2.996547140366905,2.9971523628841257,0,1
18.725108124258135,2.584297984158585,1.4160741954558955,15.10486541248352,9.050098068736697,9.94941078007573,3.066205337093555,2.9878669197396386,0,1
15.90960804902673,3.4525854010451313,0.5516203088642738,5.884786112623406,3.95905931492333,15.034891723272588,3.8153773531062907,3.8015678476278194,1,0
17.187366505669736,2.0172948622107776,1.9805739716186168,20.2984786805282,11.962921993564303,7.6291969331779645,2.724401030937141,2.844136795944391,1,0
18.725108124258135,2.5827807979964286,1.4175846831688963,15.262838806782874,9.07390942700796,9.823652780226261,3.0486765238448177,2.9910793268861378,1,0
18.725108124258135,2.4172192020036247,1.5479368523803,16.511284161234677,9.795530154363497,9.211091000628638,3.0434511509125324,2.99203695163304,0,1
17.187366505669733,2.0084479608377346,1.9893818135007937,20.377260143503566,11.442293600082213,7.559826772696887,3.2917969321808442,3.2868549610576556,1,0
20.218264318067256,2.5115807763712654,1.4884703533079122,15.930365287662163,9.465001026660493,9.532535632348354,2.9999291065670595,2.9999303072421166,0,1
20.218264318067256,2.511580776371266,1.488470353307912,15.87908167632478,9.45492945753273,9.540597153647393,2.9999115409358295,3.000016211395826,1,0
18.72510812425814,2.584297984158585,1.416074195455895,15.119819724785554,8.991242185219129,9.93563931265815,2.934480997272746,3.0120072996161236,1,0
17.187366505669736,2.0084479608377337,1.9893818135007941,21.219641207441597,11.44554517093552,7.910545587226759,2.765848150828166,2.8068906450579716,0,1
18.725108124258142,2.584297984158585,1.4160741954558957,15.35890561557434,9.26104141373645,9.715241217674436,3.045311513426569,2.991696013444564,0,1
20.218264318067256,3.1434517578699017,0.8593891122833983,10.270076188085053,6.361246007714093,12.635327461649544,3.4715449743444267,2.9135826011729664,1,0
15.909608049026732,1.5474145989542754,2.4483796911363216,23.244504805090322,13.687435844218797,5.406380848713599,2.396944960248009,3.1105185098353676,1,0
17.18736650566974,2.4911530986266603,1.5088078418824713,16.09237312331138,9.546427483815492,9.45389874610693,3.006933506898446,3.006816078690348,1,0
15.909608049026728,1.5474145989542738,2.4483796911363216,25.946226933260665,14.499054632077543,4.536072001347524,2.2687346609631005,3.134014891240854,1,0
20.218264318067256,3.1318709814990258,0.870918758975101,9.290354733468774,5.621721242931032,13.105312949049662,3.5311197899600115,3.3003713420336815,1,0
20.218264318067256,3.1434517578699017,0.8593891122833973,9.167382000688292,5.5506411010910135,12.88175836552421,3.498186653468232,3.4108637349320152,1,0
17.187366505669736,2.0084479608377364,1.9893818135007941,21.2196412074416,12.35922993323049,6.660860889761949,2.5817497706282713,2.9233496297325243,0,1
18.72510812425814,2.5827807979964272,1.4175846831688954,15.135661115859023,8.987895345010617,10.011545598021673,3.107688041739854,3.0888123170878408,1,0
17.187366505669736,2.017294862210778,1.9805739716186175,20.2984786805282,9.963544464177978,9.170461305496126,3.0007180474960733,3.0005921870327947,1,0
17.187366505669736,2.008447960837735,1.9893818135007932,21.13244075087419,11.413042471911641,7.589045967849745,2.597715436565208,3.0737244323484436,1,0
20.218264318067256,2.5115807763712654,1.488470353307912,15.877027267215421,9.454163706485287,9.5325855090353,3.0048003623982584,3.0027148137257726,1,0
20.218264318067256,3.1318709814990258,0.8709187589751,11.194559609414924,6.7466014824389315,11.59144520382555,2.6854521618417917,3.057645415515437,0,0
18.725108124258135,2.4172192020036247,1.5479368523803,16.502742537294743,9.79059296359391,9.279269417014042,3.033197297049255,3.0326350564452875,0,1
20.218264318067256,3.143451757869901,0.859389112283399,10.270076188085064,8.339856383117553,10.447803946601683,3.1396265567390067,2.9744114252148797,0,0
18.72510812425814,2.5827807979964272,1.4175846831688954,15.183562340627851,9.137727348003725,9.859727086967855,3.0529935064093827,2.9902881777395907,0,1
20.218264318067256,2.5115807763712654,1.4884703533079136,15.877027267215436,9.454163706485296,9.544000671432897,2.9933824151589508,2.994542355550687,0,1
17.187366505669736,2.008447960837735,1.9893818135007932,20.84800347455664,12.155653156982412,7.03126030520581,2.636315480321712,2.6424749638391294,0,1
20.218264318067256,3.143451757869901,0.859389112283397,9.191671636822914,6.478984073705806,12.400032244617025,3.427220754038636,3.3523368468882095,1,0
18.72510812425814,2.5015171861622085,1.49848951228695,15.983889462802118,9.49117492402908,9.508627356059922,3.001816188201166,3.0017854286260834,1,0
17.187366505669743,2.0084479608377377,1.9893818135007935,21.132440750874192,12.44076163812459,6.981883635977534,2.621281945572429,2.687664225356008,1,0
17.187366505669733,2.017294862210778,1.9805739716186181,16.065907064652606,9.539048705576663,9.4665633612627,2.9929610846776753,3.001289982474238,0,1
20.218264318067256,3.143451757869902,0.859389112283399,9.16738200068832,5.550641101091027,13.1713902405102,2.9920002336196867,3.0014660722506314,1,0
17.18736650566974,2.008447960837735,1.9893818135007935,21.132440750874196,12.079606506234212,6.938519499339729,3.005581331389652,3.0046030270877018,1,0
17.187366505669736,2.017294862210777,1.9805739716186186,21.125698659581147,11.774393427868322,7.241587950629234,2.5245702983683476,3.0871293309768415,1,0
17.187366505669743,2.4911530986266595,1.508807841882473,16.092373123311393,9.550600412691464,9.450533255633593,2.992712763843478,3.0013354908387297,1,0
20.218264318067252,2.511580776371264,1.4884703533079122,15.877027267215418,9.46414361045163,9.525490689059028,2.9999444571282305,2.99998982096987,0,1
17.187366505669733,2.4911530986266595,1.5088078418824722,16.092373123311383,9.554729351313032,9.446496823113888,2.9921181333017333,2.9955424615639585,0,1
21.371097190554313,3.5558113677267436,0.4488500897413622,4.788661050691811,3.358620805247465,15.209129055127303,2.9875601078381315,3.0022797891628743,1,1
20.218264318067256,3.143451757869902,1.1273888066142521,13.153688964301658,7.818439709133357,10.102801792411984,3.126898843100533,3.023256038196995,0,1
20.218264318067256,1.8681290185013713,2.1290812410245077,22.70964526652704,10.858508835897666,8.534221605800884,2.857725521993823,2.8601351304726315,0,1
18.725108124258135,2.5015171861622085,1.4991214251269431,15.998053694250803,9.498850150099306,9.500984593859485,3.0001450462945205,2.9999734181803137,1,0
17.18736650566974,2.008447960837736,1.7846488329284864,18.819840241291594,11.17070270745365,7.8667282667075185,2.75939316442347,2.801567098542414,0,1
15.909608049026724,2.4825412484082268,1.5173816703720806,16.182292007742912,9.567946688530768,9.433575611475932,2.990214633852958,3.0017933090903446,1,0
15.90960804902673,1.5474145989542745,2.4483796911363216,23.244504805090322,13.468415484308576,5.535916775329578,2.1655008636385964,3.1529339694225778,1,0
15.909608049026732,2.4825412484082263,1.5173816703720806,16.185389159190997,9.569101106584418,9.433666209605411,2.986035739499272,3.0025591515861123,1,0
21.371097190554313,3.575162019517185,0.8773932571082806,9.359410338563098,5.565574579725243,12.488537664475748,3.4402590063817726,3.4328026315665863,1,0
18.72510812425814,2.5842979841585842,1.4160741954558946,15.16859887145332,9.044572720846567,9.92337283360294,2.999077492846383,3.0001690627044137,1,0
18.725108124258135,2.584297984158585,1.4160741954558957,16.16334346653166,9.594415050452175,9.405688021041714,2.985815727306883,2.9919781768536176,0,1
17.18736650566974,2.0172948622107785,1.9805739716186168,21.040067627565918,12.413237054674466,7.287143551234739,2.6740111416431507,3.0597421470241715,0,1
15.909608049026732,1.5474145989542725,2.051624855700926,21.785220885798076,12.917826651212629,6.573382246206393,3.4401555851845353,3.08066484178711,0,1
20.218264318067256,3.1318709814990258,0.8709187589750986,10.373202748042885,6.417736968572118,12.578898171125836,2.9932912426998337,2.993404864473038,0,0
15.90960804902672,1.5299558473630865,2.4657613615078176,23.377280312309303,11.651067400844585,7.562432600154022,2.5921129224152666,3.074751173647941,1,0
18.725108124258135,2.501517186162209,1.498489512286949,15.985036530824964,9.495636951642966,9.504188319833109,3.0006170059524604,3.000348943702508,1,0
17.187366505669736,2.0172948622107754,1.7795257534776077,18.769089056239125,11.14063357763841,8.09515772864521,3.2112845694449197,3.1742502869783884,1,0
17.18736650566974,2.008447960837736,1.9893818135007928,21.21964120744159,11.445545170935516,7.747556121834062,2.631084207881914,2.6373322899913085,0,1
17.187366505669736,2.008447960837735,1.9893818135007935,21.21964120744159,12.592539984894676,6.625122985893635,3.432373914508409,3.2445262545593065,1,0
18.725108124258135,2.582780797996427,1.4520631476196713,15.488715838765007,9.224144084760136,9.639926214733432,2.9996951081320646,3.000055875820089,0,1
17.18736650566974,2.017294862210777,1.9805739716186175,19.671019612852483,10.868319046529914,8.133174726841569,3.205566913264372,2.9623269064548805,0,1
15.909608049026724,2.4825412484082268,1.5173816703720808,16.182292007742912,9.580887264722126,9.419681102200371,2.987920249777555,2.988124836495889,0,1
18.72510812425814,2.5015171861622085,1.4984895122869488,15.990877224584825,9.49500270008904,9.504645573773272,3.0009779631460747,3.000553080695163,1,0
20.218264318067256,3.1434517578699013,0.8593891122833986,9.167382000688324,5.463385952482772,13.252504089424537,2.991823490805926,2.991961970919556,1,1
17.187366505669736,2.008447960837736,1.9893818135007935,21.21964120744159,11.816077952777253,7.200196328505664,2.6541155982790188,2.659973613003474,0,1
15.909608049026726,3.452585401045131,0.5516203088642718,6.60498794400435,5.331211490562696,13.639495869813409,3.8714261362709133,3.159701373281391,1,0
18.72510812425814,2.584297984158585,1.4511845727466421,15.891859248851151,9.445647578064083,9.553134692359023,2.9998842222979003,3.000021217929153,1,0
18.725108124258135,2.501517186162209,1.498489512286949,15.985036530824964,9.49563695164297,9.504188319833105,3.0006170059524604,2.9998869247847546,0,1
17.18736650566974,2.0172948622107785,1.9805739716186175,21.04006762756592,12.26086260597706,7.135927639697405,3.3555502428763573,2.9348403040782873,0,1
21.371097190554313,3.5751620195171845,0.4295848720000872,4.583182380217007,2.900902806442118,15.63463138012086,3.903728518477359,2.8343787505715645,0,0
18.72510812425814,2.582780797996427,1.4175846831688954,15.120975949680865,8.991910501094509,9.996706094293625,3.073172687142909,2.9865900526310023,0,1
17.187366505669747,2.017294862210778,1.9805739716186173,18.47436246386777,10.930219780585857,8.101823334812863,2.7940263973653323,3.0377476252216837,1,0
18.72510812425814,2.501517186162209,1.4984895122869488,15.98388946280211,9.492851374543095,9.507140821409763,2.9999844405254428,2.9999912004403866,0,1
21.371097190554313,2.5193506517910906,1.4887943899935263,15.880483372837443,9.429188629319382,9.56582743728502,3.009900272812139,2.998185632610564,0,0
15.909608049026726,1.5299558473630852,2.465761361507818,26.300603046567716,15.453907903264794,3.679485411949706,1.7746941419700497,3.2245549221804133,1,0
20.218264318067256,3.1434517578699017,0.8593891122833983,9.167382000688317,6.065870567013311,12.9099989894119,3.502346945359543,3.284099046950459,1,0
18.72510812425814,2.5015171861622085,1.4984895122869488,15.983889462802107,9.498262652699239,9.501017144366683,3.000149841500593,2.9999725393898324,0,1
17.18736650566974,2.008447960837735,1.9893818135007928,20.377260143503555,12.093444928507962,7.279284104837642,2.6728533205112215,3.059954334399655,1,0
21.090391950974336,3.4525854010461168,2.448379691136615,19.99108736920502,11.786794373176663,7.762981150962477,3.26124304992807,3.0478765463843773,0,0
20.218264318067256,3.1434517578699004,1.7679996943306286,18.746013366308095,11.073397757010785,8.30486781276947,3.0026041302245545,2.999522755680887,1,0
17.187366505669736,2.017294862210776,1.9805739716186175,21.12569865958114,11.774393427868317,7.228089493309624,2.6653115421119273,2.6709799385607336,0,1
20.218264318067256,3.131870981499027,0.8709187589751003,11.194559609414931,6.722381117802045,12.215388193191927,2.994083311837105,2.9989156817938314,0,0
15.909608049026726,1.5299558473630863,2.465761361507818,20.972478334438794,12.446100596215464,6.61990481264702,3.4331587139910136,2.920617435496142,0,1
17.187366505669736,2.008447960837735,1.9893818135007935,20.84800347455664,12.364131864210632,7.324443206342226,3.004740423914716,3.0046601384986804,0,1
17.187366505669736,2.0084479608377337,1.9893818135007935,21.132440750874196,12.532173382898874,6.68124079111042,2.40660879398548,2.416658667309918,0,1
15.909608049026724,1.5474145989542696,2.4483796911363216,26.07925477701369,13.972403148359012,5.032479307049664,2.3418633318066764,2.6277950887846058,0,1
20.218264318067256,3.1318709814990253,0.870918758975099,9.554225870806771,8.804892931430807,9.99415901519376,2.925679788477713,3.013620247716478,1,1
18.72510812425814,2.5842979841585847,1.4160741954558946,16.895134587516495,9.833648368703425,9.168696063354824,2.951193674521294,2.99105553886974,0,1
18.725108124258135,2.582780797996426,1.4175846831688954,16.160403628176397,9.571174874287372,9.429325247016001,3.0001539965723674,3.00015138843455,1,0
18.725108124258135,2.5015171861622076,1.4984895122869486,15.98388946280211,9.493995032110282,9.505764484839851,3.000849200061308,3.000700350975813,1,0
18.725108124258142,2.5842979841585842,1.451184572746643,15.479345148059785,9.199053441451381,9.779764965973534,2.999390406842484,3.0001117167139553,1,0
20.218264318067252,2.511580776371265,1.4884703533079113,15.88578290880119,9.45742724425132,9.53478071622265,3.0051237512404287,3.0009390011102384,1,0
15.909608049026726,1.529955847363085,2.465761361507818,26.300603046567716,15.602915032669898,3.826627874767985,1.8056698433326646,2.0150138597770133,1,0
20.218264318067256,1.8681290185013726,2.1290812410245086,21.626797251953608,11.597306651224276,7.4174303995462445,3.0045378097077653,3.0025663287596904,1,0
21.371097190554313,3.555811367726744,0.8885988671143791,10.209400872802323,6.069178105226036,12.689349548576478,2.520330246376719,3.0879063814893986,1,0
21.371097190554313,2.5193506517910906,1.4887943899935254,15.899771775918467,9.442571705988787,9.549174718900293,3.0073957479229407,3.0072704910451646,0,1
18.725108124258135,2.584297984158585,1.4160741954558946,15.814079276678939,9.445789235308022,9.552039767233191,3.010955153651236,2.9979923105243445,0,1
18.725108124258135,2.5827807979964277,1.4175846831688954,15.370443964188436,9.139279958789766,9.835331397514059,2.9992693305085103,2.999281705373114,1,0
21.371097190554316,3.5751620195171845,0.42958487200008955,15.853200707461149,9.419585865249566,9.580326347846155,2.987919129310234,3.0022139933142693,1,0
17.187366505669736,2.0172948622107785,1.9805739716186175,21.125698659581133,12.46273311582498,6.745793627497089,3.4142253685287667,2.9240872433722958,0,1
21.371097190554313,1.4441886322739192,2.5511499102579798,26.41309316493905,14.733705401026697,4.272008156627848,2.2298338676823084,2.2428776606979675,0,1
17.18736650566974,2.008447960837735,1.9893818135007937,20.84800347455664,12.155653156982417,6.903844971713098,2.6175451804562964,3.070090346567217,1,0
15.90960804902673,1.5474145989542736,2.448379691136322,26.11521388738295,15.040940685080157,4.349048649372201,1.915647273299646,3.198723233521312,1,0
20.218264318067256,3.1434517578699004,0.859389112283398,9.281529196905787,7.541028276511526,11.100423519799099,3.3369132203817093,2.9382558065085838,0,0
15.909608049026726,3.4525854010451305,0.5516203088642728,8.755495194914243,6.285442295549628,12.58582318747443,2.5359003378223246,3.085052938285811,1,0
21.371097190554313,3.575162019517185,1.9478083851078167,20.696435259555884,12.274587507144158,7.392459919114421,3.0045922190722765,3.0025970996218314,0,1
15.90960804902672,1.529955847363085,2.4657613615078176,26.30060304656771,14.677166951715162,4.328484883762643,2.2381537855028597,2.2510566695880874,0,1
17.187366505669736,2.0084479608377337,1.9893818135007928,21.21964120744159,10.062881886018216,9.099841274758267,2.9410502718891345,2.942048664339206,0,1
20.218264318067256,3.143451757869901,0.8593891122833993,9.28152919690579,7.541028276511528,11.264537804422623,3.3714617454809246,3.3063513626271614,1,0
17.18736650566974,2.008447960837736,1.9893818135007932,21.132440750874196,12.540875342073774,7.54722970585282,2.5889124845219373,3.0753376999241118,0,1
15.909608049026728,1.5474145989542714,2.4483796911363216,25.395012056001526,14.930462301926525,4.451751206440287,3.0109998688051682,2.997984115829243,0,1
15.909608049026733,1.5299558473630877,2.465761361507818,26.300603046567716,14.677166951715165,4.328484883762647,1.9113182913714373,3.199516581723835,1,0
15.909608049026732,1.529955847363085,2.465761361507818,25.567201532663546,14.308553379970189,4.799179034968307,3.0102428418262397,2.998122851911529,0,1
15.909608049026723,1.5474145989542727,2.4483796911363216,26.11521388738295,15.346750101429336,4.493542857778684,2.2624694434580808,2.58289439172277,0,1
17.187366505669736,2.0084479608377324,1.9893818135007935,21.219641207441597,10.556826168724607,8.748691025624414,2.841838161632157,3.0289854317384117,1,0
15.909608049026719,1.5299558473630848,2.465761361507817,25.567201532663535,15.029990483074966,4.764777890261072,2.003164530839261,3.182684437307728,1,0
18.725108124258135,2.5827807979964277,1.4175846831688967,15.120975949680876,9.018485701063385,9.980988637001602,3.070857256351292,3.0400728603704725,1,0
15.909608049026724,2.4825412484082263,1.51738167037208,16.172189476667803,9.57640453333114,9.426655265744659,2.989195157146445,3.001980142860048,1,0
20.218264318067252,2.5115807763712645,1.4884703533079109,15.877027267215414,9.445434097119724,9.552380683078207,3.007716505553781,3.0075858162167357,1,1
17.187366505669736,2.0172948622107767,1.9805739716186175,20.00402964383804,10.667494967556587,8.546190211465998,2.8594886874712175,2.920534741289978,0,1
18.72510812425814,2.5015171861622094,1.49848951228695,15.983889462802118,9.495302489547724,9.50423126821094,3.0006233329298233,2.999885765275151,0,1
18.725108124258135,2.582780797996426,1.4175846831688954,15.21944197345935,9.037533939274232,9.952104818661454,3.0666022117138745,3.0122058132428755,1,0
17.18736650566974,2.4911530986266612,1.5088078418824722,16.083419344148773,9.537015131144006,9.46446722676235,3.0000774240454238,3.0000761127657114,1,0
18.72510812425814,2.5842979841585847,1.4160741954558946,15.205136097395194,9.064587186580589,9.925657681225145,3.0627061288276667,3.0517149026653043,1,0
17.18736650566974,2.0172948622107776,1.9805739716186168,20.76074962312584,11.892791519371311,7.1240218016962835,3.0051771316220837,3.0009487838329525,1,0
18.72510812425814,2.50151718616221,1.4984895122869502,15.984158608926034,9.495380967174809,9.504160579727733,2.999990934315438,3.0000016614170897,1,0
20.218264318067256,1.8681290185013713,2.1290812410245077,19.7994131499225,10.269271120955578,8.87152763344278,3.094520585039074,3.077952872335608,1,0
15.909608049026732,1.5474145989542745,2.4483796911363216,24.482752134213726,14.146706134463761,4.858366604899429,2.316213768758406,2.6132891452648472,0,1
20.218264318067256,3.1434517578699017,0.8593891122833976,9.167382000688306,5.757209043773153,13.158936233930584,3.5502943515982723,3.3112153906288695,1,0
17.18736650566974,2.017294862210779,1.9805739716186186,21.125698659581147,12.462733115824992,6.603644933489309,2.390273698958451,2.497147457507736,0,1
15.909608049026726,1.5474145989542711,2.4483796911363216,26.11521388738295,15.493075416351537,3.928736623477561,2.162096693859798,2.526129236158303,1,0
15.909608049026728,1.5299558473630848,2.4657613615078176,24.638221934777825,13.841640670952227,5.188866541218105,2.09244156991902,2.1078122851645302,0,1
21.955274052755975,3.7706353638995713,0.7641982036569691,12.903508918349463,7.6706368774806934,11.288377468120766,3.263456370822924,3.1489960366141947,1,1
18.72510812425814,2.5827807979964277,1.417584683168895,16.4789617999224,9.783775926089596,9.317766551954758,3.027407429569707,2.9949771943275576,1,0
18.725108124258135,2.5827807979964272,1.5824153168310977,16.497757393008797,9.794068025620241,9.311157235897054,2.960245758068032,2.9672139423931774,1,0
17.18736650566974,2.491153098626661,1.5088078418824724,16.09394254786362,9.527391768200077,9.472800704311492,2.9959931122714476,3.000734319807725,1,0
20.218264318067256,3.1434517578699017,0.8593891122833996,12.130952137739634,7.263630484440655,11.578966592746823,2.995470041056672,2.9974381111890653,0,0
17.187366505669743,2.008447960837737,1.9893818135007935,21.219641207441597,11.816077952777249,7.186450474771055,3.347951741839382,2.9362328386833116,0,1
17.18736650566974,2.01729486221078,1.9805739716186173,21.040067627565918,12.387834122619918,8.035163919885937,2.784206408100826,2.7878611610544097,1,0
15.909608049026726,1.5474145989542714,2.4483796911363216,20.882984197705383,11.954227611705829,7.218508868845378,2.663900164146949,2.669592464168336,0,1
20.218264318067256,3.1434517578699017,0.8593891122833993,9.653863458324324,6.02369524279607,12.898420479550776,3.5006412471823265,2.908250290680826,0,1
15.909608049026726,1.529955847363087,2.4657613615078176,26.300603046567712,13.339399628925111,6.0416724956804275,2.4905334977394102,3.093367064246793,1,0
21.371097190554313,3.5751620195171845,0.4295848720000872,5.396058217530886,3.691342555989582,15.267842010744648,3.8674682138459513,3.1589760270698206,1,1
18.725108124258135,2.5015171861622085,1.4984895122869488,15.9838894628021,9.492851374543092,9.507098394530383,3.001045706119083,3.001027995688047,1,0
18.725108124258135,2.582780797996427,1.4175846831688954,15.120975949680883,9.109956289715367,9.887303007603977,3.058249350033777,3.0329425409728237,1,0
18.725108124258135,2.50151718616221,1.49848951228695,15.98388946280211,9.491174924029078,9.508815441767913,3.0012986544153994,3.0007344455562865,1,0
15.909608049026726,1.5474145989542736,2.4483796911363216,25.717411486979636,14.823031352706408,4.214371753440268,1.8872957612416776,2.796080944110581,0,1
18.725108124258135,2.5827807979964277,1.4175846831688963,15.370443964188436,9.155140000873617,9.820587636511025,3.0674885189421905,2.987631758209742,0,1
15.90960804902673,2.4825412484082263,1.5173816703720808,16.185389159191,9.607157801839064,9.392959180725313,2.9774662977093347,2.9872562112615983,0,1
15.909608049026726,1.5299558473630874,2.465761361507818,26.12851894099745,12.453273562950269,6.839847846630614,2.599920137766762,3.0733203891428227,1,0
15.909608049026733,1.5474145989542731,2.4483796911363216,25.395012056001523,14.930462301926521,4.850001914671008,3.69934743807998,2.8718345231878586,1,0
17.187366505669736,2.017294862210777,1.779525753477607,18.500209255892898,10.981327314879252,8.122933294730128,3.003000555977602,2.999450104959809,0,1
17.187366505669733,2.008447960837733,1.9893818135007928,21.21964120744159,11.44554517093551,7.568125504234306,2.7154042406524956,2.7202242502871585,0,1
20.218264318067256,3.143451757869901,0.8593891122833993,11.106486676559388,6.6714736001915025,12.265155161997598,2.993974872227633,2.9965925281845625,0,1
18.72510812425814,2.5827807979964277,1.5824153168310977,16.879024050319053,10.020805341834631,9.054044626826528,2.9329294890010607,2.9340654177652774,0,1
15.90960804902673,1.529955847363085,2.465761361507818,24.638221934777828,14.231869824805637,4.874144546486226,3.010079495916533,3.0018472126011098,1,0
15.909608049026723,1.529955847363087,2.465761361507817,26.30060304656771,15.401990838128262,5.016925591156508,3.009768383524202,3.001790196780453,0,1
20.218264318067256,3.143451757869901,0.859389112283397,9.191671636822903,8.121510695176255,10.626186089762824,3.165905076176087,3.030404491438662,1,0
20.218264318067256,3.143451757869901,0.859389112283399,9.16738200068832,6.142598759141174,8.009192502425647,2.7757864874419447,3.041090351061589,0,1
20.218264318067252,3.131870981499026,0.8709187589750996,9.76808054951928,5.929264254295641,12.557550804624999,3.450425736709639,2.9174530052296426,0,1
20.218264318067256,3.131870981499027,1.7631762643072495,18.806981453135737,11.03761629848929,8.183369399063993,3.1980177670540173,3.1119876599608665,0,0
18.725108124258135,2.5015171861622085,1.4984895122869495,15.98415860892603,9.49297080102835,9.506747698181336,3.0009940429836273,3.00018217267417,1,0
17.18736650566974,2.0084479608377346,1.7846488329284869,18.985283125582633,11.000427603064391,8.033188471531316,3.0031961052307183,2.9994142677465705,0,1
18.72510812425814,2.5842979841585847,1.4511845727466435,15.516415701590326,9.220480794844775,9.77325676474676,2.9589029038599834,2.966106465724449,0,1
17.18736650566974,2.017294862210778,1.9805739716186181,20.760749623125847,12.251786927274972,7.409778938903128,2.692077279662395,2.825856308691808,0,1
18.725108124258135,2.5827807979964263,1.4175846831688945,15.219441973459343,9.03753393927422,9.896000593934993,3.0583371694072303,2.9893088746367953,1,0
18.72510812425814,2.5827807979964263,1.4520631476196701,15.893805554600284,9.437081773340259,9.553875640273999,2.9998826078113336,3.000021513807037,0,1
20.218264318067252,3.131870981499026,1.13409502328257,15.189411191139293,9.021115599769077,9.807526986773393,3.0462512470745207,3.045467920376239,0,1
17.18736650566974,2.008447960837735,1.9893818135007935,21.21964120744159,12.359229933230488,6.842011921191321,2.440453534774321,2.449930202169553,0,1
20.218264318067256,3.1434517578699017,0.859389112283399,9.281529196905776,5.616619946273416,13.110055199942058,2.992133879449558,3.0014415797300678,1,0
21.371097190554313,2.5193506517910915,1.4807347822580796,15.918925755250399,9.453137832378976,9.54356385663013,2.993448110952285,3.0012007279044686,1,0
18.72510812425814,2.584297984158585,1.4160741954558944,15.104865412483509,9.050098068736697,9.94941078007573,3.0662053370935536,3.0374419976971305,1,0
18.72510812425814,2.5827807979964263,1.4175846831688963,15.219441973459357,9.037533939274232,9.896000593935002,2.9991371355180423,3.0001581323269866,1,0
17.187366505669736,2.008447960837737,1.9893818135007928,21.219641207441594,11.816077952777249,7.1864504747710525,3.005041102824457,2.9990761454007338,0,1
18.725108124258135,2.5842979841585847,1.416074195455896,15.35890561557435,9.313069698747718,9.668376898653955,2.9746765588835395,3.004640884814174,1,0
20.218264318067256,3.1434517578699013,1.1273888066142517,12.09220281504847,7.184703111376315,11.652338801906529,3.453099687758818,3.373679681527215,1,0
18.725108124258135,2.5015171861622085,1.4984895122869488,15.984158608926023,9.491322357659726,9.50866816908834,2.999981112515123,3.0000034614032645,1,0
18.725108124258135,2.584297984158584,1.416074195455895,15.168598871453323,9.008819975747024,9.920587796276193,3.061959254349011,2.9886450754744054,1,0
15.909608049026724,1.5474145989542711,2.4483796911363216,26.11521388738295,13.988359054027196,5.016540820204272,3.0097692219198846,2.998209649571488,0,1
15.909608049026728,2.482541248408226,1.5173816703720806,16.182292007742923,9.605367600391535,9.40977579571771,2.9810064480776064,3.003480841575933,0,1
20.218264318067256,3.1318709814990253,0.8709187589750996,11.194559609414927,7.084746537061818,11.912616766973576,2.994743034862366,2.9990365855270715,0,1
18.725108124258135,2.5827807979964263,1.4175846831688954,15.120975949680865,9.058195355893128,9.938700235189351,3.065979357396506,2.98790833376941,0,1
18.72510812425814,2.5827807979964277,1.417584683168895,15.120975949680876,9.01848570106338,9.97072629386469,2.929204007913511,3.0129743838156706,1,0
18.725108124258135,2.5827807979964263,1.4175846831688959,15.370443964188443,9.128067200872025,9.845754965247997,2.947999365868019,2.9488800661219488,1,0
18.725108124258135,2.582780797996427,1.4175846831688945,15.183562340627851,9.028086403224847,9.961340688999048,2.9306155781114245,2.931790696049813,0,1
17.187366505669736,2.9827051377889204,1.0194260283816843,10.874301340422086,7.2256065721331195,11.614314259070696,3.4450949496242713,3.081570051364066,1,0
17.187366505669736,2.0172948622107785,1.9805739716186175,20.760749623125843,11.892791519371317,7.275620890210254,2.5317347439863065,2.5396654420780096,0,1
15.909608049026724,1.529955847363087,2.465761361507818,26.300603046567716,14.677166951715165,4.359211215573983,2.2268389362472143,2.8583071146139747,0,1
21.371097190554316,3.5558113677267444,0.44885008974136187,6.598022893192329,4.3497581908491725,13.910050787579683,2.9903907311087,2.9945655404912337,0,0
17.187366505669736,2.008447960837734,1.9893818135007935,21.132440750874185,10.53917060184507,8.563970250201002,2.8621079692289655,2.9747293020462635,0,1
17.187366505669736,2.017294862210775,1.9805739716186177,20.760749623125847,12.320655286918717,7.084728342761523,2.4915489918324654,3.0931809603482883,1,0
15.909608049026726,1.5474145989542714,2.448379691136322,24.482752134213733,12.661822201003675,6.360394833532658,3.472188329857399,3.086535302978599,1,0
20.218264318067256,3.1434517578699004,0.8593891122833983,11.106486676559381,7.676014243707955,11.250939960603844,2.7366632516379825,2.951739753263729,0,1
15.909608049026723,1.5474145989542751,2.448379691136322,26.11521388738295,15.040940685080157,4.083200376454303,1.859682213642857,1.8789950197416592,0,1
17.187366505669736,2.0084479608377346,1.9893818135007932,20.84800347455664,11.307022623538785,7.872329883862213,2.6573509613156063,2.9372046353055055,0,1
15.909608049026723,1.5299558473630852,2.465761361507818,24.04649720692632,14.110443930283104,5.552167521588804,3.008602119487991,3.007094326828233,0,1
15.909608049026726,1.5299558473630825,2.4657613615078176,26.300603046567712,14.070620597916378,5.112420644161325,2.076348558885539,3.1692724115550686,1,0
15.909608049026728,2.4825412484082268,1.51738167037208,16.18538915919099,9.56910110658442,9.433666209605414,2.9860357394992727,2.9862722429183988,0,1
20.218264318067256,3.1434517578699017,0.8593891122833993,9.281529196905787,6.123241877141106,12.873071766684433,2.9926502538957136,3.001346946685744,1,0
17.187366505669736,2.982705137788921,1.019426028381686,11.239250376877163,6.748213072726752,11.856301035091347,3.354381456077742,3.064945498930365,1,0
21.955274052755975,2.5232878933035234,1.476814923854425,15.822893302004655,9.402983988332004,9.58738687657915,3.0183962517690786,3.018084686653098,1,0
17.18736650566974,2.008447960837735,1.9893818135007935,21.2196412074416,12.517033361706764,6.550561248214919,2.565500883699727,3.079628212506173,1,0
17.187366505669736,2.4911530986266595,1.5088078418824713,16.08725385143373,9.52544147808835,9.479215044595668,2.995624454293422,3.000801881684641,1,0
15.909608049026726,1.5474145989542738,2.4483796911363216,25.94622693326066,13.207311098595387,5.818738898361529,2.4576918423668164,2.6933011494142276,0,1
18.72510812425814,2.584297984158585,1.4160741954558955,15.104865412483534,9.050098068736702,9.946740625500555,3.094045620394048,3.017235212604825,1,0
17.187366505669736,2.982705137788921,1.0194260283816852,10.874301340422083,6.537266884176877,12.036930108331834,3.3737300493250117,2.9315085930645997,0,1
17.187366505669736,2.017294862210778,1.9805739716186181,21.125698659581147,12.462733115824987,6.745793627497098,3.4142253685287676,2.9240872433722966,1,0
17.187366505669736,2.491153098626661,1.5088078418824717,16.09394254786362,9.5543002458836,9.446916314723833,2.992179931070446,3.0014331401081726,1,0
18.725108124258135,2.5827807979964263,1.4175846831688963,15.370443964188446,9.128067200872025,9.782515249398282,2.999384414119447,2.9996518594099215,1,0
18.72510812425814,2.5842979841585842,1.416074195455895,15.249328297235987,9.055241028249803,9.880838361834808,3.056103532094138,3.0551533437784286,1,0
18.725108124258135,2.584297984158585,1.4160741954558946,15.119819724785572,8.991242185219127,10.005182949015811,2.9988992329045145,2.999798268597309,0,1
21.371097190554313,3.5558113677267444,0.8885988671143791,15.916150985335214,9.451533972444462,9.547380178698626,3.0069798519336066,2.9987208417412594,0,1
20.218264318067256,3.1434517578699017,0.8593891122834,9.167382000688324,9.429857893304169,9.541065277311732,2.993823890686621,2.9988681391367242,0,1
20.218264318067256,3.1434517578699017,0.859389112283399,9.167382000688317,8.763176001367416,10.023816024896558,3.077166409976721,3.0636405636193,1,1
21.371097190554313,3.575162019517185,0.4295848720000862,4.773914208215533,5.315640168987905,13.654957777079856,2.990946565371897,2.992533465239646,0,1
20.218264318067256,3.1434517578699013,0.8593891122834,9.65386345832433,8.815637768279027,9.90066553673903,2.9991269708528434,2.9992799967369503,0,0
17.18736650566974,2.008447960837735,1.2952670194278666,13.81636204608385,8.23782348344911,10.673340449242598,2.9974433528272377,3.000468542366921,1,0
15.90960804902673,1.5299558473630863,2.465761361507818,26.128518940997452,13.994262820227283,5.010643499057159,2.054922939170448,2.465517816408247,0,1
17.187366505669736,2.0084479608377346,1.9893818135007937,20.84800347455665,12.372351565199512,6.82981383213845,3.4015889515271596,3.227116019015587,1,0
15.909608049026724,1.5299558473630848,2.4657613615078176,26.30060304656771,12.503449846624633,6.616830360114662,2.393049429564443,2.888767578136597,0,1
20.218264318067256,3.1434517578699004,0.8593891122833986,11.106486676559374,6.600684698829599,11.702281668395058,2.668782650130144,2.674392258724456,0,1
17.187366505669736,2.008447960837736,1.9893818135007935,21.132440750874196,12.079606506234212,6.923209611481654,2.620397899083465,3.0695675448478514,1,0
15.909608049026724,1.547414598954274,2.4483796911363216,25.94622693326067,15.376090154994593,4.468419546849267,3.0109635493674376,2.997990771888592,0,1
18.725108124258135,2.584297984158584,1.4160741954558946,15.168598871453312,9.190107349055285,9.807715142125147,3.0647786652789337,3.063681551985746,1,0
18.725108124258135,2.584297984158585,1.5839258045440976,16.880180275214357,10.00432153309192,9.068159388117715,3.0009409579974564,2.999827555913074,0,1
