dataset,configuration,seed,batch_frac,n_layers,entangle,encoding_strategy,n_qubits,n_params,cnot_count,gate_group,svqx_value,svqx_concentration,entanglement_score,qsalto_a1_estimate
german_credit,L1_linear,7,0.25,1,linear,single,9,18,8,qubit_0_rot,0.0,0.417925478347467,0.3037596593616269,-0.0422821044921875
german_credit,L1_linear,7,0.25,1,linear,single,9,18,8,qubit_1_rot,0.0,0.417925478347467,0.3037596593616269,-0.0422821044921875
german_credit,L1_linear,7,0.25,1,linear,single,9,18,8,qubit_2_rot,0.0597402597402597,0.417925478347467,0.3037596593616269,-0.0422821044921875
german_credit,L1_linear,7,0.25,1,linear,single,9,18,8,qubit_3_rot,-0.0735930735930735,0.417925478347467,0.3037596593616269,-0.0422821044921875
german_credit,L1_linear,7,0.25,1,linear,single,9,18,8,qubit_4_rot,-0.0319264069264069,0.417925478347467,0.3037596593616269,-0.0422821044921875
german_credit,L1_linear,7,0.25,1,linear,single,9,18,8,qubit_5_rot,-0.0251082251082251,0.417925478347467,0.3037596593616269,-0.0422821044921875
german_credit,L1_linear,7,0.25,1,linear,single,9,18,8,qubit_6_rot,0.0074675324675324,0.417925478347467,0.3037596593616269,-0.0422821044921875
german_credit,L1_linear,7,0.25,1,linear,single,9,18,8,qubit_7_rot,-0.0523809523809523,0.417925478347467,0.3037596593616269,-0.0422821044921875
german_credit,L1_linear,7,0.25,1,linear,single,9,18,8,qubit_8_rot,0.0,0.417925478347467,0.3037596593616269,-0.0422821044921875
german_credit,L1_linear,7,0.25,1,linear,single,9,18,8,entangling_CNOT,-0.1796536796536797,0.417925478347467,0.3037596593616269,-0.0422821044921875
german_credit,L1_linear,17,0.25,1,linear,single,9,18,8,qubit_0_rot,0.0,0.4240506329099431,0.3775845152672207,-0.039459228515625
german_credit,L1_linear,17,0.25,1,linear,single,9,18,8,qubit_1_rot,0.0,0.4240506329099431,0.3775845152672207,-0.039459228515625
german_credit,L1_linear,17,0.25,1,linear,single,9,18,8,qubit_2_rot,0.0129629629629629,0.4240506329099431,0.3775845152672207,-0.039459228515625
german_credit,L1_linear,17,0.25,1,linear,single,9,18,8,qubit_3_rot,-0.0259259259259259,0.4240506329099431,0.3775845152672207,-0.039459228515625
german_credit,L1_linear,17,0.25,1,linear,single,9,18,8,qubit_4_rot,-0.024074074074074,0.4240506329099431,0.3775845152672207,-0.039459228515625
german_credit,L1_linear,17,0.25,1,linear,single,9,18,8,qubit_5_rot,1.1102230246251564e-17,0.4240506329099431,0.3775845152672207,-0.039459228515625
german_credit,L1_linear,17,0.25,1,linear,single,9,18,8,qubit_6_rot,0.05,0.4240506329099431,0.3775845152672207,-0.039459228515625
german_credit,L1_linear,17,0.25,1,linear,single,9,18,8,qubit_7_rot,-0.0555555555555555,0.4240506329099431,0.3775845152672207,-0.039459228515625
german_credit,L1_linear,17,0.25,1,linear,single,9,18,8,qubit_8_rot,0.0,0.4240506329099431,0.3775845152672207,-0.039459228515625
german_credit,L1_linear,17,0.25,1,linear,single,9,18,8,entangling_CNOT,-0.124074074074074,0.4240506329099431,0.3775845152672207,-0.039459228515625
german_credit,L1_linear,27,0.25,1,linear,single,9,18,8,qubit_0_rot,0.0,0.608108108105346,0.2906261849143339,-0.0427398681640625
german_credit,L1_linear,27,0.25,1,linear,single,9,18,8,qubit_1_rot,0.0,0.608108108105346,0.2906261849143339,-0.0427398681640625
german_credit,L1_linear,27,0.25,1,linear,single,9,18,8,qubit_2_rot,-0.0119047619047619,0.608108108105346,0.2906261849143339,-0.0427398681640625
german_credit,L1_linear,27,0.25,1,linear,single,9,18,8,qubit_3_rot,0.0625,0.608108108105346,0.2906261849143339,-0.0427398681640625
german_credit,L1_linear,27,0.25,1,linear,single,9,18,8,qubit_4_rot,5.286776307738841e-19,0.608108108105346,0.2906261849143339,-0.0427398681640625
german_credit,L1_linear,27,0.25,1,linear,single,9,18,8,qubit_5_rot,5.286776307738841e-19,0.608108108105346,0.2906261849143339,-0.0427398681640625
german_credit,L1_linear,27,0.25,1,linear,single,9,18,8,qubit_6_rot,5.286776307738841e-19,0.608108108105346,0.2906261849143339,-0.0427398681640625
german_credit,L1_linear,27,0.25,1,linear,single,9,18,8,qubit_7_rot,-0.1339285714285709,0.608108108105346,0.2906261849143339,-0.0427398681640625
german_credit,L1_linear,27,0.25,1,linear,single,9,18,8,qubit_8_rot,0.0,0.608108108105346,0.2906261849143339,-0.0427398681640625
german_credit,L1_linear,27,0.25,1,linear,single,9,18,8,entangling_CNOT,0.0119047619047618,0.608108108105346,0.2906261849143339,-0.0427398681640625
german_credit,L2_linear,7,0.25,2,linear,single,9,36,16,qubit_0_rot,-0.0099837662337662,0.3921891585219518,0.3577422489762312,-0.039886474609375
german_credit,L2_linear,7,0.25,2,linear,single,9,36,16,qubit_1_rot,-0.0233766233766233,0.3921891585219518,0.3577422489762312,-0.039886474609375
german_credit,L2_linear,7,0.25,2,linear,single,9,36,16,qubit_2_rot,0.0943001443001443,0.3921891585219518,0.3577422489762312,-0.039886474609375
german_credit,L2_linear,7,0.25,2,linear,single,9,36,16,qubit_3_rot,-0.0762536075036075,0.3921891585219518,0.3577422489762312,-0.039886474609375
german_credit,L2_linear,7,0.25,2,linear,single,9,36,16,qubit_4_rot,-0.0005321067821067,0.3921891585219518,0.3577422489762312,-0.039886474609375
german_credit,L2_linear,7,0.25,2,linear,single,9,36,16,qubit_5_rot,0.0043740981240981,0.3921891585219518,0.3577422489762312,-0.039886474609375
german_credit,L2_linear,7,0.25,2,linear,single,9,36,16,qubit_6_rot,-0.004788961038961,0.3921891585219518,0.3577422489762312,-0.039886474609375
german_credit,L2_linear,7,0.25,2,linear,single,9,36,16,qubit_7_rot,-0.0723575036075039,0.3921891585219518,0.3577422489762312,-0.039886474609375
german_credit,L2_linear,7,0.25,2,linear,single,9,36,16,qubit_8_rot,-0.0135642135642135,0.3921891585219518,0.3577422489762312,-0.039886474609375
german_credit,L2_linear,7,0.25,2,linear,single,9,36,16,entangling_CNOT,-0.1932720057720056,0.3921891585219518,0.3577422489762312,-0.039886474609375
german_credit,L2_linear,17,0.25,2,linear,single,9,36,16,qubit_0_rot,0.0018959435626102,0.3449275362309389,0.4013395368026707,-0.0388870239257812
german_credit,L2_linear,17,0.25,2,linear,single,9,36,16,qubit_1_rot,0.0417548500881834,0.3449275362309389,0.4013395368026707,-0.0388870239257812
german_credit,L2_linear,17,0.25,2,linear,single,9,36,16,qubit_2_rot,-0.0319664902998236,0.3449275362309389,0.4013395368026707,-0.0388870239257812
german_credit,L2_linear,17,0.25,2,linear,single,9,36,16,qubit_3_rot,-0.055136684303351,0.3449275362309389,0.4013395368026707,-0.0388870239257812
german_credit,L2_linear,17,0.25,2,linear,single,9,36,16,qubit_4_rot,-0.0205467372134038,0.3449275362309389,0.4013395368026707,-0.0388870239257812
german_credit,L2_linear,17,0.25,2,linear,single,9,36,16,qubit_5_rot,-0.0340608465608465,0.3449275362309389,0.4013395368026707,-0.0388870239257812
german_credit,L2_linear,17,0.25,2,linear,single,9,36,16,qubit_6_rot,-0.0394620811287478,0.3449275362309389,0.4013395368026707,-0.0388870239257812
german_credit,L2_linear,17,0.25,2,linear,single,9,36,16,qubit_7_rot,-0.0067460317460318,0.3449275362309389,0.4013395368026707,-0.0388870239257812
german_credit,L2_linear,17,0.25,2,linear,single,9,36,16,qubit_8_rot,-0.0075837742504409,0.3449275362309389,0.4013395368026707,-0.0388870239257812
german_credit,L2_linear,17,0.25,2,linear,single,9,36,16,entangling_CNOT,-0.1259259259259258,0.3449275362309389,0.4013395368026707,-0.0388870239257812
german_credit,L2_linear,27,0.25,2,linear,single,9,36,16,qubit_0_rot,0.015015589569161,0.5066488042058275,0.4273022901822725,-0.0377655029296875
german_credit,L2_linear,27,0.25,2,linear,single,9,36,16,qubit_1_rot,-0.0248795351473922,0.5066488042058275,0.4273022901822725,-0.0377655029296875
german_credit,L2_linear,27,0.25,2,linear,single,9,36,16,qubit_2_rot,0.0052154195011337,0.5066488042058275,0.4273022901822725,-0.0377655029296875
german_credit,L2_linear,27,0.25,2,linear,single,9,36,16,qubit_3_rot,0.0087655895691609,0.5066488042058275,0.4273022901822725,-0.0377655029296875
german_credit,L2_linear,27,0.25,2,linear,single,9,36,16,qubit_4_rot,0.0584963151927437,0.5066488042058275,0.4273022901822725,-0.0377655029296875
german_credit,L2_linear,27,0.25,2,linear,single,9,36,16,qubit_5_rot,0.0146400226757369,0.5066488042058275,0.4273022901822725,-0.0377655029296875
german_credit,L2_linear,27,0.25,2,linear,single,9,36,16,qubit_6_rot,-0.0047406462585033,0.5066488042058275,0.4273022901822725,-0.0377655029296875
german_credit,L2_linear,27,0.25,2,linear,single,9,36,16,qubit_7_rot,-0.1447137188208615,0.5066488042058275,0.4273022901822725,-0.0377655029296875
german_credit,L2_linear,27,0.25,2,linear,single,9,36,16,qubit_8_rot,-0.0041950113378684,0.5066488042058275,0.4273022901822725,-0.0377655029296875
german_credit,L2_linear,27,0.25,2,linear,single,9,36,16,entangling_CNOT,0.0049674036281178,0.5066488042058275,0.4273022901822725,-0.0377655029296875
german_credit,L1_all_to_all,7,0.25,1,all_to_all,single,9,18,36,qubit_0_rot,0.0,0.3999999999964801,0.1894903021417455,-0.0457687377929687
german_credit,L1_all_to_all,7,0.25,1,all_to_all,single,9,18,36,qubit_1_rot,0.0,0.3999999999964801,0.1894903021417455,-0.0457687377929687
german_credit,L1_all_to_all,7,0.25,1,all_to_all,single,9,18,36,qubit_2_rot,0.0,0.3999999999964801,0.1894903021417455,-0.0457687377929687
german_credit,L1_all_to_all,7,0.25,1,all_to_all,single,9,18,36,qubit_3_rot,0.0,0.3999999999964801,0.1894903021417455,-0.0457687377929687
german_credit,L1_all_to_all,7,0.25,1,all_to_all,single,9,18,36,qubit_4_rot,0.0,0.3999999999964801,0.1894903021417455,-0.0457687377929687
german_credit,L1_all_to_all,7,0.25,1,all_to_all,single,9,18,36,qubit_5_rot,0.0,0.3999999999964801,0.1894903021417455,-0.0457687377929687
german_credit,L1_all_to_all,7,0.25,1,all_to_all,single,9,18,36,qubit_6_rot,-0.0454545454545454,0.3999999999964801,0.1894903021417455,-0.0457687377929687
german_credit,L1_all_to_all,7,0.25,1,all_to_all,single,9,18,36,qubit_7_rot,-0.0227272727272726,0.3999999999964801,0.1894903021417455,-0.0457687377929687
german_credit,L1_all_to_all,7,0.25,1,all_to_all,single,9,18,36,qubit_8_rot,0.0,0.3999999999964801,0.1894903021417455,-0.0457687377929687
german_credit,L1_all_to_all,7,0.25,1,all_to_all,single,9,18,36,entangling_CNOT,-0.0454545454545454,0.3999999999964801,0.1894903021417455,-0.0457687377929687
german_credit,L1_all_to_all,17,0.25,1,all_to_all,single,9,18,36,qubit_0_rot,0.0,0.4666666666649867,0.2218636055023523,-0.0448684692382812
german_credit,L1_all_to_all,17,0.25,1,all_to_all,single,9,18,36,qubit_1_rot,0.0,0.4666666666649867,0.2218636055023523,-0.0448684692382812
german_credit,L1_all_to_all,17,0.25,1,all_to_all,single,9,18,36,qubit_2_rot,0.0,0.4666666666649867,0.2218636055023523,-0.0448684692382812
german_credit,L1_all_to_all,17,0.25,1,all_to_all,single,9,18,36,qubit_3_rot,0.0,0.4666666666649867,0.2218636055023523,-0.0448684692382812
german_credit,L1_all_to_all,17,0.25,1,all_to_all,single,9,18,36,qubit_4_rot,0.0,0.4666666666649867,0.2218636055023523,-0.0448684692382812
german_credit,L1_all_to_all,17,0.25,1,all_to_all,single,9,18,36,qubit_5_rot,0.0,0.4666666666649867,0.2218636055023523,-0.0448684692382812
german_credit,L1_all_to_all,17,0.25,1,all_to_all,single,9,18,36,qubit_6_rot,-0.1296296296296296,0.4666666666649867,0.2218636055023523,-0.0448684692382812
german_credit,L1_all_to_all,17,0.25,1,all_to_all,single,9,18,36,qubit_7_rot,-0.0185185185185185,0.4666666666649867,0.2218636055023523,-0.0448684692382812
german_credit,L1_all_to_all,17,0.25,1,all_to_all,single,9,18,36,qubit_8_rot,0.0,0.4666666666649867,0.2218636055023523,-0.0448684692382812
german_credit,L1_all_to_all,17,0.25,1,all_to_all,single,9,18,36,entangling_CNOT,-0.1296296296296296,0.4666666666649867,0.2218636055023523,-0.0448684692382812
german_credit,L1_all_to_all,27,0.25,1,all_to_all,single,9,18,36,qubit_0_rot,0.0,0.999999999996706,0.2099577194674781,-0.0449600219726562
german_credit,L1_all_to_all,27,0.25,1,all_to_all,single,9,18,36,qubit_1_rot,0.0,0.999999999996706,0.2099577194674781,-0.0449600219726562
german_credit,L1_all_to_all,27,0.25,1,all_to_all,single,9,18,36,qubit_2_rot,0.0,0.999999999996706,0.2099577194674781,-0.0449600219726562
german_credit,L1_all_to_all,27,0.25,1,all_to_all,single,9,18,36,qubit_3_rot,0.0,0.999999999996706,0.2099577194674781,-0.0449600219726562
german_credit,L1_all_to_all,27,0.25,1,all_to_all,single,9,18,36,qubit_4_rot,0.0,0.999999999996706,0.2099577194674781,-0.0449600219726562
german_credit,L1_all_to_all,27,0.25,1,all_to_all,single,9,18,36,qubit_5_rot,0.0,0.999999999996706,0.2099577194674781,-0.0449600219726562
german_credit,L1_all_to_all,27,0.25,1,all_to_all,single,9,18,36,qubit_6_rot,0.0,0.999999999996706,0.2099577194674781,-0.0449600219726562
german_credit,L1_all_to_all,27,0.25,1,all_to_all,single,9,18,36,qubit_7_rot,-0.3035714285714282,0.999999999996706,0.2099577194674781,-0.0449600219726562
german_credit,L1_all_to_all,27,0.25,1,all_to_all,single,9,18,36,qubit_8_rot,0.0,0.999999999996706,0.2099577194674781,-0.0449600219726562
german_credit,L1_all_to_all,27,0.25,1,all_to_all,single,9,18,36,entangling_CNOT,0.0,0.999999999996706,0.2099577194674781,-0.0449600219726562
german_credit,L2_all_to_all,7,0.25,2,all_to_all,single,9,36,72,qubit_0_rot,0.0,0.2981651376139572,0.3376753485839001,-0.0403900146484375
german_credit,L2_all_to_all,7,0.25,2,all_to_all,single,9,36,72,qubit_1_rot,0.0,0.2981651376139572,0.3376753485839001,-0.0403900146484375
german_credit,L2_all_to_all,7,0.25,2,all_to_all,single,9,36,72,qubit_2_rot,0.0,0.2981651376139572,0.3376753485839001,-0.0403900146484375
german_credit,L2_all_to_all,7,0.25,2,all_to_all,single,9,36,72,qubit_3_rot,0.0,0.2981651376139572,0.3376753485839001,-0.0403900146484375
german_credit,L2_all_to_all,7,0.25,2,all_to_all,single,9,36,72,qubit_4_rot,0.0,0.2981651376139572,0.3376753485839001,-0.0403900146484375
german_credit,L2_all_to_all,7,0.25,2,all_to_all,single,9,36,72,qubit_5_rot,-0.0321969696969696,0.2981651376139572,0.3376753485839001,-0.0403900146484375
german_credit,L2_all_to_all,7,0.25,2,all_to_all,single,9,36,72,qubit_6_rot,0.115530303030303,0.2981651376139572,0.3376753485839001,-0.0403900146484375
german_credit,L2_all_to_all,7,0.25,2,all_to_all,single,9,36,72,qubit_7_rot,-0.1231060606060608,0.2981651376139572,0.3376753485839001,-0.0403900146484375
german_credit,L2_all_to_all,7,0.25,2,all_to_all,single,9,36,72,qubit_8_rot,-0.0303030303030303,0.2981651376139572,0.3376753485839001,-0.0403900146484375
german_credit,L2_all_to_all,7,0.25,2,all_to_all,single,9,36,72,entangling_CNOT,-0.1117424242424242,0.2981651376139572,0.3376753485839001,-0.0403900146484375
german_credit,L2_all_to_all,17,0.25,2,all_to_all,single,9,36,72,qubit_0_rot,0.0,0.4444444444431115,0.3064388949712917,-0.0420684814453125
german_credit,L2_all_to_all,17,0.25,2,all_to_all,single,9,36,72,qubit_1_rot,0.0,0.4444444444431115,0.3064388949712917,-0.0420684814453125
german_credit,L2_all_to_all,17,0.25,2,all_to_all,single,9,36,72,qubit_2_rot,0.0,0.4444444444431115,0.3064388949712917,-0.0420684814453125
german_credit,L2_all_to_all,17,0.25,2,all_to_all,single,9,36,72,qubit_3_rot,0.0,0.4444444444431115,0.3064388949712917,-0.0420684814453125
german_credit,L2_all_to_all,17,0.25,2,all_to_all,single,9,36,72,qubit_4_rot,0.0,0.4444444444431115,0.3064388949712917,-0.0420684814453125
german_credit,L2_all_to_all,17,0.25,2,all_to_all,single,9,36,72,qubit_5_rot,-9.251858538542977e-18,0.4444444444431115,0.3064388949712917,-0.0420684814453125
german_credit,L2_all_to_all,17,0.25,2,all_to_all,single,9,36,72,qubit_6_rot,-0.0925925925925926,0.4444444444431115,0.3064388949712917,-0.0420684814453125
german_credit,L2_all_to_all,17,0.25,2,all_to_all,single,9,36,72,qubit_7_rot,-0.1481481481481484,0.4444444444431115,0.3064388949712917,-0.0420684814453125
german_credit,L2_all_to_all,17,0.25,2,all_to_all,single,9,36,72,qubit_8_rot,0.0,0.4444444444431115,0.3064388949712917,-0.0420684814453125
german_credit,L2_all_to_all,17,0.25,2,all_to_all,single,9,36,72,entangling_CNOT,-0.0925925925925926,0.4444444444431115,0.3064388949712917,-0.0420684814453125
german_credit,L2_all_to_all,27,0.25,2,all_to_all,single,9,36,72,qubit_0_rot,0.0,0.4736842105252684,0.4027849812921459,-0.0383071899414062
german_credit,L2_all_to_all,27,0.25,2,all_to_all,single,9,36,72,qubit_1_rot,0.0,0.4736842105252684,0.4027849812921459,-0.0383071899414062
german_credit,L2_all_to_all,27,0.25,2,all_to_all,single,9,36,72,qubit_2_rot,0.0,0.4736842105252684,0.4027849812921459,-0.0383071899414062
german_credit,L2_all_to_all,27,0.25,2,all_to_all,single,9,36,72,qubit_3_rot,0.0,0.4736842105252684,0.4027849812921459,-0.0383071899414062
german_credit,L2_all_to_all,27,0.25,2,all_to_all,single,9,36,72,qubit_4_rot,0.0,0.4736842105252684,0.4027849812921459,-0.0383071899414062
german_credit,L2_all_to_all,27,0.25,2,all_to_all,single,9,36,72,qubit_5_rot,0.0,0.4736842105252684,0.4027849812921459,-0.0383071899414062
german_credit,L2_all_to_all,27,0.25,2,all_to_all,single,9,36,72,qubit_6_rot,0.1369047619047619,0.4736842105252684,0.4027849812921459,-0.0383071899414062
german_credit,L2_all_to_all,27,0.25,2,all_to_all,single,9,36,72,qubit_7_rot,-0.214285714285714,0.4736842105252684,0.4027849812921459,-0.0383071899414062
german_credit,L2_all_to_all,27,0.25,2,all_to_all,single,9,36,72,qubit_8_rot,-0.0119047619047619,0.4736842105252684,0.4027849812921459,-0.0383071899414062
german_credit,L2_all_to_all,27,0.25,2,all_to_all,single,9,36,72,entangling_CNOT,0.0892857142857143,0.4736842105252684,0.4027849812921459,-0.0383071899414062
german_credit,L2_re_upload,7,0.25,2,linear,re_upload,9,36,16,qubit_0_rot,-0.0299603174603174,0.3848690095841191,0.343173235724641,-0.0411148071289062
german_credit,L2_re_upload,7,0.25,2,linear,re_upload,9,36,16,qubit_1_rot,0.030050505050505,0.3848690095841191,0.343173235724641,-0.0411148071289062
german_credit,L2_re_upload,7,0.25,2,linear,re_upload,9,36,16,qubit_2_rot,-0.0339375901875901,0.3848690095841191,0.343173235724641,-0.0411148071289062
german_credit,L2_re_upload,7,0.25,2,linear,re_upload,9,36,16,qubit_3_rot,-0.0359397546897546,0.3848690095841191,0.343173235724641,-0.0411148071289062
german_credit,L2_re_upload,7,0.25,2,linear,re_upload,9,36,16,qubit_4_rot,-0.0698322510822511,0.3848690095841191,0.343173235724641,-0.0411148071289062
german_credit,L2_re_upload,7,0.25,2,linear,re_upload,9,36,16,qubit_5_rot,0.0046266233766233,0.3848690095841191,0.343173235724641,-0.0411148071289062
german_credit,L2_re_upload,7,0.25,2,linear,re_upload,9,36,16,qubit_6_rot,-0.0090458152958152,0.3848690095841191,0.343173235724641,-0.0411148071289062
german_credit,L2_re_upload,7,0.25,2,linear,re_upload,9,36,16,qubit_7_rot,-0.0973394660894661,0.3848690095841191,0.343173235724641,-0.0411148071289062
german_credit,L2_re_upload,7,0.25,2,linear,re_upload,9,36,16,qubit_8_rot,-0.1233766233766233,0.3848690095841191,0.343173235724641,-0.0411148071289062
german_credit,L2_re_upload,7,0.25,2,linear,re_upload,9,36,16,entangling_CNOT,-0.2716089466089465,0.3848690095841191,0.343173235724641,-0.0411148071289062
german_credit,L2_re_upload,17,0.25,2,linear,re_upload,9,36,16,qubit_0_rot,0.0119929453262786,0.4778119237847782,0.3828602373368286,-0.0394744873046875
german_credit,L2_re_upload,17,0.25,2,linear,re_upload,9,36,16,qubit_1_rot,0.0272927689594356,0.4778119237847782,0.3828602373368286,-0.0394744873046875
german_credit,L2_re_upload,17,0.25,2,linear,re_upload,9,36,16,qubit_2_rot,0.0110449735449735,0.4778119237847782,0.3828602373368286,-0.0394744873046875
german_credit,L2_re_upload,17,0.25,2,linear,re_upload,9,36,16,qubit_3_rot,-0.0079585537918871,0.4778119237847782,0.3828602373368286,-0.0394744873046875
german_credit,L2_re_upload,17,0.25,2,linear,re_upload,9,36,16,qubit_4_rot,0.0041666666666666,0.4778119237847782,0.3828602373368286,-0.0394744873046875
german_credit,L2_re_upload,17,0.25,2,linear,re_upload,9,36,16,qubit_5_rot,0.0278439153439153,0.4778119237847782,0.3828602373368286,-0.0394744873046875
german_credit,L2_re_upload,17,0.25,2,linear,re_upload,9,36,16,qubit_6_rot,0.0241622574955908,0.4778119237847782,0.3828602373368286,-0.0394744873046875
german_credit,L2_re_upload,17,0.25,2,linear,re_upload,9,36,16,qubit_7_rot,0.0670414462081128,0.4778119237847782,0.3828602373368286,-0.0394744873046875
german_credit,L2_re_upload,17,0.25,2,linear,re_upload,9,36,16,qubit_8_rot,0.0057980599647266,0.4778119237847782,0.3828602373368286,-0.0394744873046875
german_credit,L2_re_upload,17,0.25,2,linear,re_upload,9,36,16,entangling_CNOT,-0.1713844797178137,0.4778119237847782,0.3828602373368286,-0.0394744873046875
german_credit,L2_re_upload,27,0.25,2,linear,re_upload,9,36,16,qubit_0_rot,0.0188988095238095,0.5680076628336157,0.4326792383856588,-0.03765869140625
german_credit,L2_re_upload,27,0.25,2,linear,re_upload,9,36,16,qubit_1_rot,0.0114583333333333,0.5680076628336157,0.4326792383856588,-0.03765869140625
german_credit,L2_re_upload,27,0.25,2,linear,re_upload,9,36,16,qubit_2_rot,0.0001913265306122,0.5680076628336157,0.4326792383856588,-0.03765869140625
german_credit,L2_re_upload,27,0.25,2,linear,re_upload,9,36,16,qubit_3_rot,-0.0212443310657596,0.5680076628336157,0.4326792383856588,-0.03765869140625
german_credit,L2_re_upload,27,0.25,2,linear,re_upload,9,36,16,qubit_4_rot,-0.0386692176870747,0.5680076628336157,0.4326792383856588,-0.03765869140625
german_credit,L2_re_upload,27,0.25,2,linear,re_upload,9,36,16,qubit_5_rot,0.0361607142857142,0.5680076628336157,0.4326792383856588,-0.03765869140625
german_credit,L2_re_upload,27,0.25,2,linear,re_upload,9,36,16,qubit_6_rot,-0.0038619614512471,0.5680076628336157,0.4326792383856588,-0.03765869140625
german_credit,L2_re_upload,27,0.25,2,linear,re_upload,9,36,16,qubit_7_rot,-0.0054280045351473,0.5680076628336157,0.4326792383856588,-0.03765869140625
german_credit,L2_re_upload,27,0.25,2,linear,re_upload,9,36,16,qubit_8_rot,-0.0142928004535147,0.5680076628336157,0.4326792383856588,-0.03765869140625
german_credit,L2_re_upload,27,0.25,2,linear,re_upload,9,36,16,entangling_CNOT,-0.19749858276644,0.5680076628336157,0.4326792383856588,-0.03765869140625
german_credit,L2_all_to_all_re_upload,7,0.25,2,all_to_all,re_upload,9,36,72,qubit_0_rot,0.0,0.371890547262461,0.3385843067180123,-0.0405731201171875
german_credit,L2_all_to_all_re_upload,7,0.25,2,all_to_all,re_upload,9,36,72,qubit_1_rot,0.0,0.371890547262461,0.3385843067180123,-0.0405731201171875
german_credit,L2_all_to_all_re_upload,7,0.25,2,all_to_all,re_upload,9,36,72,qubit_2_rot,0.0,0.371890547262461,0.3385843067180123,-0.0405731201171875
german_credit,L2_all_to_all_re_upload,7,0.25,2,all_to_all,re_upload,9,36,72,qubit_3_rot,0.0,0.371890547262461,0.3385843067180123,-0.0405731201171875
german_credit,L2_all_to_all_re_upload,7,0.25,2,all_to_all,re_upload,9,36,72,qubit_4_rot,0.0,0.371890547262461,0.3385843067180123,-0.0405731201171875
german_credit,L2_all_to_all_re_upload,7,0.25,2,all_to_all,re_upload,9,36,72,qubit_5_rot,0.0231060606060606,0.371890547262461,0.3385843067180123,-0.0405731201171875
german_credit,L2_all_to_all_re_upload,7,0.25,2,all_to_all,re_upload,9,36,72,qubit_6_rot,0.0950757575757575,0.371890547262461,0.3385843067180123,-0.0405731201171875
german_credit,L2_all_to_all_re_upload,7,0.25,2,all_to_all,re_upload,9,36,72,qubit_7_rot,-0.0261363636363636,0.371890547262461,0.3385843067180123,-0.0405731201171875
german_credit,L2_all_to_all_re_upload,7,0.25,2,all_to_all,re_upload,9,36,72,qubit_8_rot,-0.0469696969696969,0.371890547262461,0.3385843067180123,-0.0405731201171875
german_credit,L2_all_to_all_re_upload,7,0.25,2,all_to_all,re_upload,9,36,72,entangling_CNOT,-0.1132575757575759,0.371890547262461,0.3385843067180123,-0.0405731201171875
german_credit,L2_all_to_all_re_upload,17,0.25,2,all_to_all,re_upload,9,36,72,qubit_0_rot,0.0,0.3846153846137863,0.2249587974999571,-0.0447311401367187
german_credit,L2_all_to_all_re_upload,17,0.25,2,all_to_all,re_upload,9,36,72,qubit_1_rot,0.0,0.3846153846137863,0.2249587974999571,-0.0447311401367187
german_credit,L2_all_to_all_re_upload,17,0.25,2,all_to_all,re_upload,9,36,72,qubit_2_rot,0.0,0.3846153846137863,0.2249587974999571,-0.0447311401367187
german_credit,L2_all_to_all_re_upload,17,0.25,2,all_to_all,re_upload,9,36,72,qubit_3_rot,0.0,0.3846153846137863,0.2249587974999571,-0.0447311401367187
german_credit,L2_all_to_all_re_upload,17,0.25,2,all_to_all,re_upload,9,36,72,qubit_4_rot,0.0,0.3846153846137863,0.2249587974999571,-0.0447311401367187
german_credit,L2_all_to_all_re_upload,17,0.25,2,all_to_all,re_upload,9,36,72,qubit_5_rot,-9.251858538542977e-18,0.3846153846137863,0.2249587974999571,-0.0447311401367187
german_credit,L2_all_to_all_re_upload,17,0.25,2,all_to_all,re_upload,9,36,72,qubit_6_rot,-0.0740740740740742,0.3846153846137863,0.2249587974999571,-0.0447311401367187
german_credit,L2_all_to_all_re_upload,17,0.25,2,all_to_all,re_upload,9,36,72,qubit_7_rot,0.0925925925925926,0.3846153846137863,0.2249587974999571,-0.0447311401367187
german_credit,L2_all_to_all_re_upload,17,0.25,2,all_to_all,re_upload,9,36,72,qubit_8_rot,0.0,0.3846153846137863,0.2249587974999571,-0.0447311401367187
german_credit,L2_all_to_all_re_upload,17,0.25,2,all_to_all,re_upload,9,36,72,entangling_CNOT,-0.0740740740740742,0.3846153846137863,0.2249587974999571,-0.0447311401367187
german_credit,L2_all_to_all_re_upload,27,0.25,2,all_to_all,re_upload,9,36,72,qubit_0_rot,0.0,0.3333333333322353,0.3131582555600695,-0.041595458984375
german_credit,L2_all_to_all_re_upload,27,0.25,2,all_to_all,re_upload,9,36,72,qubit_1_rot,0.0,0.3333333333322353,0.3131582555600695,-0.041595458984375
german_credit,L2_all_to_all_re_upload,27,0.25,2,all_to_all,re_upload,9,36,72,qubit_2_rot,0.0,0.3333333333322353,0.3131582555600695,-0.041595458984375
german_credit,L2_all_to_all_re_upload,27,0.25,2,all_to_all,re_upload,9,36,72,qubit_3_rot,0.0,0.3333333333322353,0.3131582555600695,-0.041595458984375
german_credit,L2_all_to_all_re_upload,27,0.25,2,all_to_all,re_upload,9,36,72,qubit_4_rot,0.0,0.3333333333322353,0.3131582555600695,-0.041595458984375
german_credit,L2_all_to_all_re_upload,27,0.25,2,all_to_all,re_upload,9,36,72,qubit_5_rot,0.0,0.3333333333322353,0.3131582555600695,-0.041595458984375
german_credit,L2_all_to_all_re_upload,27,0.25,2,all_to_all,re_upload,9,36,72,qubit_6_rot,-0.1011904761904761,0.3333333333322353,0.3131582555600695,-0.041595458984375
german_credit,L2_all_to_all_re_upload,27,0.25,2,all_to_all,re_upload,9,36,72,qubit_7_rot,-0.1011904761904761,0.3333333333322353,0.3131582555600695,-0.041595458984375
german_credit,L2_all_to_all_re_upload,27,0.25,2,all_to_all,re_upload,9,36,72,qubit_8_rot,0.0,0.3333333333322353,0.3131582555600695,-0.041595458984375
german_credit,L2_all_to_all_re_upload,27,0.25,2,all_to_all,re_upload,9,36,72,entangling_CNOT,-0.1011904761904761,0.3333333333322353,0.3131582555600695,-0.041595458984375
heart_disease,L1_linear,7,0.25,1,linear,single,10,20,9,qubit_0_rot,0.0,0.399999999998023,0.3649356733971902,-0.0221443176269531
heart_disease,L1_linear,7,0.25,1,linear,single,10,20,9,qubit_1_rot,-0.0327380952380951,0.399999999998023,0.3649356733971902,-0.0221443176269531
heart_disease,L1_linear,7,0.25,1,linear,single,10,20,9,qubit_2_rot,2.1147105230955353e-18,0.399999999998023,0.3649356733971902,-0.0221443176269531
heart_disease,L1_linear,7,0.25,1,linear,single,10,20,9,qubit_3_rot,-0.0375000000000001,0.399999999998023,0.3649356733971902,-0.0221443176269531
heart_disease,L1_linear,7,0.25,1,linear,single,10,20,9,qubit_4_rot,0.0,0.399999999998023,0.3649356733971902,-0.0221443176269531
heart_disease,L1_linear,7,0.25,1,linear,single,10,20,9,qubit_5_rot,-0.0107142857142857,0.399999999998023,0.3649356733971902,-0.0221443176269531
heart_disease,L1_linear,7,0.25,1,linear,single,10,20,9,qubit_6_rot,0.0,0.399999999998023,0.3649356733971902,-0.0221443176269531
heart_disease,L1_linear,7,0.25,1,linear,single,10,20,9,qubit_7_rot,0.0029761904761904,0.399999999998023,0.3649356733971902,-0.0221443176269531
heart_disease,L1_linear,7,0.25,1,linear,single,10,20,9,qubit_8_rot,-0.0374999999999999,0.399999999998023,0.3649356733971902,-0.0221443176269531
heart_disease,L1_linear,7,0.25,1,linear,single,10,20,9,qubit_9_rot,0.0,0.399999999998023,0.3649356733971902,-0.0221443176269531
heart_disease,L1_linear,7,0.25,1,linear,single,10,20,9,entangling_CNOT,-0.0809523809523808,0.399999999998023,0.3649356733971902,-0.0221443176269531
heart_disease,L1_linear,17,0.25,1,linear,single,10,20,9,qubit_0_rot,-0.0738945578231292,0.3939804772227985,0.4078513836369208,-0.0214385986328125
heart_disease,L1_linear,17,0.25,1,linear,single,10,20,9,qubit_1_rot,-0.0756802721088435,0.3939804772227985,0.4078513836369208,-0.0214385986328125
heart_disease,L1_linear,17,0.25,1,linear,single,10,20,9,qubit_2_rot,9.7364797000857e-18,0.3939804772227985,0.4078513836369208,-0.0214385986328125
heart_disease,L1_linear,17,0.25,1,linear,single,10,20,9,qubit_3_rot,-0.1167517006802721,0.3939804772227985,0.4078513836369208,-0.0214385986328125
heart_disease,L1_linear,17,0.25,1,linear,single,10,20,9,qubit_4_rot,0.0,0.3939804772227985,0.4078513836369208,-0.0214385986328125
heart_disease,L1_linear,17,0.25,1,linear,single,10,20,9,qubit_5_rot,0.0100340136054421,0.3939804772227985,0.4078513836369208,-0.0214385986328125
heart_disease,L1_linear,17,0.25,1,linear,single,10,20,9,qubit_6_rot,9.7364797000857e-18,0.3939804772227985,0.4078513836369208,-0.0214385986328125
heart_disease,L1_linear,17,0.25,1,linear,single,10,20,9,qubit_7_rot,-0.0268707482993197,0.3939804772227985,0.4078513836369208,-0.0214385986328125
heart_disease,L1_linear,17,0.25,1,linear,single,10,20,9,qubit_8_rot,-0.2471088435374144,0.3939804772227985,0.4078513836369208,-0.0214385986328125
heart_disease,L1_linear,17,0.25,1,linear,single,10,20,9,qubit_9_rot,0.0,0.3939804772227985,0.4078513836369208,-0.0214385986328125
heart_disease,L1_linear,17,0.25,1,linear,single,10,20,9,entangling_CNOT,-0.0768707482993199,0.3939804772227985,0.4078513836369208,-0.0214385986328125
heart_disease,L1_linear,27,0.25,1,linear,single,10,20,9,qubit_0_rot,0.0,0.4333333333320325,0.3978294467392563,-0.0212173461914062
heart_disease,L1_linear,27,0.25,1,linear,single,10,20,9,qubit_1_rot,1.3216940769347099e-18,0.4333333333320325,0.3978294467392563,-0.0212173461914062
heart_disease,L1_linear,27,0.25,1,linear,single,10,20,9,qubit_2_rot,0.0,0.4333333333320325,0.3978294467392563,-0.0212173461914062
heart_disease,L1_linear,27,0.25,1,linear,single,10,20,9,qubit_3_rot,1.3216940769347099e-18,0.4333333333320325,0.3978294467392563,-0.0212173461914062
heart_disease,L1_linear,27,0.25,1,linear,single,10,20,9,qubit_4_rot,1.3216940769347099e-18,0.4333333333320325,0.3978294467392563,-0.0212173461914062
heart_disease,L1_linear,27,0.25,1,linear,single,10,20,9,qubit_5_rot,-0.061111111111111,0.4333333333320325,0.3978294467392563,-0.0212173461914062
heart_disease,L1_linear,27,0.25,1,linear,single,10,20,9,qubit_6_rot,-0.0194444444444444,0.4333333333320325,0.3978294467392563,-0.0212173461914062
heart_disease,L1_linear,27,0.25,1,linear,single,10,20,9,qubit_7_rot,-0.0194444444444444,0.4333333333320325,0.3978294467392563,-0.0212173461914062
heart_disease,L1_linear,27,0.25,1,linear,single,10,20,9,qubit_8_rot,-0.1444444444444439,0.4333333333320325,0.3978294467392563,-0.0212173461914062
heart_disease,L1_linear,27,0.25,1,linear,single,10,20,9,qubit_9_rot,0.0,0.4333333333320325,0.3978294467392563,-0.0212173461914062
heart_disease,L1_linear,27,0.25,1,linear,single,10,20,9,entangling_CNOT,-0.0888888888888888,0.4333333333320325,0.3978294467392563,-0.0212173461914062
heart_disease,L2_linear,7,0.25,2,linear,single,10,40,18,qubit_0_rot,-0.0166866367759225,0.3040101712219739,0.3651881745994935,-0.0221138000488281
heart_disease,L2_linear,7,0.25,2,linear,single,10,40,18,qubit_1_rot,0.0499233405483405,0.3040101712219739,0.3651881745994935,-0.0221138000488281
heart_disease,L2_linear,7,0.25,2,linear,single,10,40,18,qubit_2_rot,-0.0098272263450835,0.3040101712219739,0.3651881745994935,-0.0221138000488281
heart_disease,L2_linear,7,0.25,2,linear,single,10,40,18,qubit_3_rot,0.0241438620902906,0.3040101712219739,0.3651881745994935,-0.0221138000488281
heart_disease,L2_linear,7,0.25,2,linear,single,10,40,18,qubit_4_rot,-0.0247081787260358,0.3040101712219739,0.3651881745994935,-0.0221138000488281
heart_disease,L2_linear,7,0.25,2,linear,single,10,40,18,qubit_5_rot,-0.0012175324675324,0.3040101712219739,0.3651881745994935,-0.0221138000488281
heart_disease,L2_linear,7,0.25,2,linear,single,10,40,18,qubit_6_rot,-0.0306109565038136,0.3040101712219739,0.3651881745994935,-0.0221138000488281
heart_disease,L2_linear,7,0.25,2,linear,single,10,40,18,qubit_7_rot,0.0055639301175015,0.3040101712219739,0.3651881745994935,-0.0221138000488281
heart_disease,L2_linear,7,0.25,2,linear,single,10,40,18,qubit_8_rot,-0.0527835755514325,0.3040101712219739,0.3651881745994935,-0.0221138000488281
heart_disease,L2_linear,7,0.25,2,linear,single,10,40,18,qubit_9_rot,-0.0320919655741084,0.3040101712219739,0.3651881745994935,-0.0221138000488281
heart_disease,L2_linear,7,0.25,2,linear,single,10,40,18,entangling_CNOT,-0.108133632240775,0.3040101712219739,0.3651881745994935,-0.0221138000488281
heart_disease,L2_linear,17,0.25,2,linear,single,10,40,18,qubit_0_rot,-0.0324527159348587,0.6073331028529793,0.4835192673716466,-0.0197296142578125
heart_disease,L2_linear,17,0.25,2,linear,single,10,40,18,qubit_1_rot,-0.032332251082251,0.6073331028529793,0.4835192673716466,-0.0197296142578125
heart_disease,L2_linear,17,0.25,2,linear,single,10,40,18,qubit_2_rot,-0.0142483508554937,0.6073331028529793,0.4835192673716466,-0.0197296142578125
heart_disease,L2_linear,17,0.25,2,linear,single,10,40,18,qubit_3_rot,-0.0159986343022057,0.6073331028529793,0.4835192673716466,-0.0197296142578125
heart_disease,L2_linear,17,0.25,2,linear,single,10,40,18,qubit_4_rot,0.0066983611626468,0.6073331028529793,0.4835192673716466,-0.0197296142578125
heart_disease,L2_linear,17,0.25,2,linear,single,10,40,18,qubit_5_rot,0.0025458668315811,0.6073331028529793,0.4835192673716466,-0.0197296142578125
heart_disease,L2_linear,17,0.25,2,linear,single,10,40,18,qubit_6_rot,-0.0122571377035662,0.6073331028529793,0.4835192673716466,-0.0197296142578125
heart_disease,L2_linear,17,0.25,2,linear,single,10,40,18,qubit_7_rot,-0.0231414914450628,0.6073331028529793,0.4835192673716466,-0.0197296142578125
heart_disease,L2_linear,17,0.25,2,linear,single,10,40,18,qubit_8_rot,-0.2218092918985765,0.6073331028529793,0.4835192673716466,-0.0197296142578125
heart_disease,L2_linear,17,0.25,2,linear,single,10,40,18,qubit_9_rot,-1.2239744382601609e-05,0.6073331028529793,0.4835192673716466,-0.0197296142578125
heart_disease,L2_linear,17,0.25,2,linear,single,10,40,18,entangling_CNOT,0.0037221706864563,0.6073331028529793,0.4835192673716466,-0.0197296142578125
heart_disease,L2_linear,27,0.25,2,linear,single,10,40,18,qubit_0_rot,0.0097101972101972,0.2245578694004463,0.4447287725258675,-0.0206680297851562
heart_disease,L2_linear,27,0.25,2,linear,single,10,40,18,qubit_1_rot,-0.0109247234247234,0.2245578694004463,0.4447287725258675,-0.0206680297851562
heart_disease,L2_linear,27,0.25,2,linear,single,10,40,18,qubit_2_rot,-0.0037157287157287,0.2245578694004463,0.4447287725258675,-0.0206680297851562
heart_disease,L2_linear,27,0.25,2,linear,single,10,40,18,qubit_3_rot,-0.0014670514670514,0.2245578694004463,0.4447287725258675,-0.0206680297851562
heart_disease,L2_linear,27,0.25,2,linear,single,10,40,18,qubit_4_rot,0.0119258056758056,0.2245578694004463,0.4447287725258675,-0.0206680297851562
heart_disease,L2_linear,27,0.25,2,linear,single,10,40,18,qubit_5_rot,-0.0504749879749879,0.2245578694004463,0.4447287725258675,-0.0206680297851562
heart_disease,L2_linear,27,0.25,2,linear,single,10,40,18,qubit_6_rot,-0.0431998556998557,0.2245578694004463,0.4447287725258675,-0.0206680297851562
heart_disease,L2_linear,27,0.25,2,linear,single,10,40,18,qubit_7_rot,0.0516083453583453,0.2245578694004463,0.4447287725258675,-0.0206680297851562
heart_disease,L2_linear,27,0.25,2,linear,single,10,40,18,qubit_8_rot,-0.0281204906204904,0.2245578694004463,0.4447287725258675,-0.0206680297851562
heart_disease,L2_linear,27,0.25,2,linear,single,10,40,18,qubit_9_rot,-0.0056998556998556,0.2245578694004463,0.4447287725258675,-0.0206680297851562
heart_disease,L2_linear,27,0.25,2,linear,single,10,40,18,entangling_CNOT,-0.0129749879749879,0.2245578694004463,0.4447287725258675,-0.0206680297851562
heart_disease,L1_all_to_all,7,0.25,1,all_to_all,single,10,20,45,qubit_0_rot,0.0,0.7499999999894998,0.2791001679949972,-0.0239334106445312
heart_disease,L1_all_to_all,7,0.25,1,all_to_all,single,10,20,45,qubit_1_rot,0.0,0.7499999999894998,0.2791001679949972,-0.0239334106445312
heart_disease,L1_all_to_all,7,0.25,1,all_to_all,single,10,20,45,qubit_2_rot,0.0,0.7499999999894998,0.2791001679949972,-0.0239334106445312
heart_disease,L1_all_to_all,7,0.25,1,all_to_all,single,10,20,45,qubit_3_rot,0.0,0.7499999999894998,0.2791001679949972,-0.0239334106445312
heart_disease,L1_all_to_all,7,0.25,1,all_to_all,single,10,20,45,qubit_4_rot,0.0,0.7499999999894998,0.2791001679949972,-0.0239334106445312
heart_disease,L1_all_to_all,7,0.25,1,all_to_all,single,10,20,45,qubit_5_rot,0.0,0.7499999999894998,0.2791001679949972,-0.0239334106445312
heart_disease,L1_all_to_all,7,0.25,1,all_to_all,single,10,20,45,qubit_6_rot,0.0,0.7499999999894998,0.2791001679949972,-0.0239334106445312
heart_disease,L1_all_to_all,7,0.25,1,all_to_all,single,10,20,45,qubit_7_rot,-0.0089285714285714,0.7499999999894998,0.2791001679949972,-0.0239334106445312
heart_disease,L1_all_to_all,7,0.25,1,all_to_all,single,10,20,45,qubit_8_rot,-0.0535714285714284,0.7499999999894998,0.2791001679949972,-0.0239334106445312
heart_disease,L1_all_to_all,7,0.25,1,all_to_all,single,10,20,45,qubit_9_rot,0.0,0.7499999999894998,0.2791001679949972,-0.0239334106445312
heart_disease,L1_all_to_all,7,0.25,1,all_to_all,single,10,20,45,entangling_CNOT,-0.0089285714285714,0.7499999999894998,0.2791001679949972,-0.0239334106445312
heart_disease,L1_all_to_all,17,0.25,1,all_to_all,single,10,20,45,qubit_0_rot,0.0,0.5230769230755693,0.3355606733419775,-0.0224723815917968
heart_disease,L1_all_to_all,17,0.25,1,all_to_all,single,10,20,45,qubit_1_rot,0.0,0.5230769230755693,0.3355606733419775,-0.0224723815917968
heart_disease,L1_all_to_all,17,0.25,1,all_to_all,single,10,20,45,qubit_2_rot,0.0,0.5230769230755693,0.3355606733419775,-0.0224723815917968
heart_disease,L1_all_to_all,17,0.25,1,all_to_all,single,10,20,45,qubit_3_rot,0.0,0.5230769230755693,0.3355606733419775,-0.0224723815917968
heart_disease,L1_all_to_all,17,0.25,1,all_to_all,single,10,20,45,qubit_4_rot,0.0,0.5230769230755693,0.3355606733419775,-0.0224723815917968
heart_disease,L1_all_to_all,17,0.25,1,all_to_all,single,10,20,45,qubit_5_rot,0.0,0.5230769230755693,0.3355606733419775,-0.0224723815917968
heart_disease,L1_all_to_all,17,0.25,1,all_to_all,single,10,20,45,qubit_6_rot,0.0,0.5230769230755693,0.3355606733419775,-0.0224723815917968
heart_disease,L1_all_to_all,17,0.25,1,all_to_all,single,10,20,45,qubit_7_rot,0.0922619047619047,0.5230769230755693,0.3355606733419775,-0.0224723815917968
heart_disease,L1_all_to_all,17,0.25,1,all_to_all,single,10,20,45,qubit_8_rot,-0.2023809523809507,0.5230769230755693,0.3355606733419775,-0.0224723815917968
heart_disease,L1_all_to_all,17,0.25,1,all_to_all,single,10,20,45,qubit_9_rot,0.0,0.5230769230755693,0.3355606733419775,-0.0224723815917968
heart_disease,L1_all_to_all,17,0.25,1,all_to_all,single,10,20,45,entangling_CNOT,0.0922619047619047,0.5230769230755693,0.3355606733419775,-0.0224723815917968
heart_disease,L1_all_to_all,27,0.25,1,all_to_all,single,10,20,45,qubit_0_rot,0.0,0.399999999997118,0.2914094105749786,-0.0235786437988281
heart_disease,L1_all_to_all,27,0.25,1,all_to_all,single,10,20,45,qubit_1_rot,0.0,0.399999999997118,0.2914094105749786,-0.0235786437988281
heart_disease,L1_all_to_all,27,0.25,1,all_to_all,single,10,20,45,qubit_2_rot,0.0,0.399999999997118,0.2914094105749786,-0.0235786437988281
heart_disease,L1_all_to_all,27,0.25,1,all_to_all,single,10,20,45,qubit_3_rot,0.0,0.399999999997118,0.2914094105749786,-0.0235786437988281
heart_disease,L1_all_to_all,27,0.25,1,all_to_all,single,10,20,45,qubit_4_rot,0.0,0.399999999997118,0.2914094105749786,-0.0235786437988281
heart_disease,L1_all_to_all,27,0.25,1,all_to_all,single,10,20,45,qubit_5_rot,0.0,0.399999999997118,0.2914094105749786,-0.0235786437988281
heart_disease,L1_all_to_all,27,0.25,1,all_to_all,single,10,20,45,qubit_6_rot,0.0,0.399999999997118,0.2914094105749786,-0.0235786437988281
heart_disease,L1_all_to_all,27,0.25,1,all_to_all,single,10,20,45,qubit_7_rot,-0.0555555555555556,0.399999999997118,0.2914094105749786,-0.0235786437988281
heart_disease,L1_all_to_all,27,0.25,1,all_to_all,single,10,20,45,qubit_8_rot,0.0277777777777784,0.399999999997118,0.2914094105749786,-0.0235786437988281
heart_disease,L1_all_to_all,27,0.25,1,all_to_all,single,10,20,45,qubit_9_rot,0.0,0.399999999997118,0.2914094105749786,-0.0235786437988281
heart_disease,L1_all_to_all,27,0.25,1,all_to_all,single,10,20,45,entangling_CNOT,-0.0555555555555556,0.399999999997118,0.2914094105749786,-0.0235786437988281
heart_disease,L2_all_to_all,7,0.25,2,all_to_all,single,10,40,90,qubit_0_rot,0.0,0.4090909090893463,0.3319544267263845,-0.0224838256835937
heart_disease,L2_all_to_all,7,0.25,2,all_to_all,single,10,40,90,qubit_1_rot,0.0,0.4090909090893463,0.3319544267263845,-0.0224838256835937
heart_disease,L2_all_to_all,7,0.25,2,all_to_all,single,10,40,90,qubit_2_rot,0.0,0.4090909090893463,0.3319544267263845,-0.0224838256835937
heart_disease,L2_all_to_all,7,0.25,2,all_to_all,single,10,40,90,qubit_3_rot,0.0,0.4090909090893463,0.3319544267263845,-0.0224838256835937
heart_disease,L2_all_to_all,7,0.25,2,all_to_all,single,10,40,90,qubit_4_rot,0.0,0.4090909090893463,0.3319544267263845,-0.0224838256835937
heart_disease,L2_all_to_all,7,0.25,2,all_to_all,single,10,40,90,qubit_5_rot,0.0,0.4090909090893463,0.3319544267263845,-0.0224838256835937
heart_disease,L2_all_to_all,7,0.25,2,all_to_all,single,10,40,90,qubit_6_rot,0.0,0.4090909090893463,0.3319544267263845,-0.0224838256835937
heart_disease,L2_all_to_all,7,0.25,2,all_to_all,single,10,40,90,qubit_7_rot,-0.0059523809523808,0.4090909090893463,0.3319544267263845,-0.0224838256835937
heart_disease,L2_all_to_all,7,0.25,2,all_to_all,single,10,40,90,qubit_8_rot,-0.1071428571428567,0.4090909090893463,0.3319544267263845,-0.0224838256835937
heart_disease,L2_all_to_all,7,0.25,2,all_to_all,single,10,40,90,qubit_9_rot,0.0952380952380952,0.4090909090893463,0.3319544267263845,-0.0224838256835937
heart_disease,L2_all_to_all,7,0.25,2,all_to_all,single,10,40,90,entangling_CNOT,-0.0535714285714285,0.4090909090893463,0.3319544267263845,-0.0224838256835937
heart_disease,L2_all_to_all,17,0.25,2,all_to_all,single,10,40,90,qubit_0_rot,0.0,0.9999999999968888,0.4186389870641234,-0.0212631225585937
heart_disease,L2_all_to_all,17,0.25,2,all_to_all,single,10,40,90,qubit_1_rot,0.0,0.9999999999968888,0.4186389870641234,-0.0212631225585937
heart_disease,L2_all_to_all,17,0.25,2,all_to_all,single,10,40,90,qubit_2_rot,0.0,0.9999999999968888,0.4186389870641234,-0.0212631225585937
heart_disease,L2_all_to_all,17,0.25,2,all_to_all,single,10,40,90,qubit_3_rot,0.0,0.9999999999968888,0.4186389870641234,-0.0212631225585937
heart_disease,L2_all_to_all,17,0.25,2,all_to_all,single,10,40,90,qubit_4_rot,0.0,0.9999999999968888,0.4186389870641234,-0.0212631225585937
heart_disease,L2_all_to_all,17,0.25,2,all_to_all,single,10,40,90,qubit_5_rot,0.0,0.9999999999968888,0.4186389870641234,-0.0212631225585937
heart_disease,L2_all_to_all,17,0.25,2,all_to_all,single,10,40,90,qubit_6_rot,0.0,0.9999999999968888,0.4186389870641234,-0.0212631225585937
heart_disease,L2_all_to_all,17,0.25,2,all_to_all,single,10,40,90,qubit_7_rot,0.0,0.9999999999968888,0.4186389870641234,-0.0212631225585937
heart_disease,L2_all_to_all,17,0.25,2,all_to_all,single,10,40,90,qubit_8_rot,-0.32142857142857,0.9999999999968888,0.4186389870641234,-0.0212631225585937
heart_disease,L2_all_to_all,17,0.25,2,all_to_all,single,10,40,90,qubit_9_rot,0.0,0.9999999999968888,0.4186389870641234,-0.0212631225585937
heart_disease,L2_all_to_all,17,0.25,2,all_to_all,single,10,40,90,entangling_CNOT,0.0,0.9999999999968888,0.4186389870641234,-0.0212631225585937
heart_disease,L2_all_to_all,27,0.25,2,all_to_all,single,10,40,90,qubit_0_rot,0.0,0.3041666666657542,0.3863404539331434,-0.0213851928710937
heart_disease,L2_all_to_all,27,0.25,2,all_to_all,single,10,40,90,qubit_1_rot,0.0,0.3041666666657542,0.3863404539331434,-0.0213851928710937
heart_disease,L2_all_to_all,27,0.25,2,all_to_all,single,10,40,90,qubit_2_rot,0.0,0.3041666666657542,0.3863404539331434,-0.0213851928710937
heart_disease,L2_all_to_all,27,0.25,2,all_to_all,single,10,40,90,qubit_3_rot,0.0,0.3041666666657542,0.3863404539331434,-0.0213851928710937
heart_disease,L2_all_to_all,27,0.25,2,all_to_all,single,10,40,90,qubit_4_rot,0.0,0.3041666666657542,0.3863404539331434,-0.0213851928710937
heart_disease,L2_all_to_all,27,0.25,2,all_to_all,single,10,40,90,qubit_5_rot,0.0,0.3041666666657542,0.3863404539331434,-0.0213851928710937
heart_disease,L2_all_to_all,27,0.25,2,all_to_all,single,10,40,90,qubit_6_rot,-0.0805555555555556,0.3041666666657542,0.3863404539331434,-0.0213851928710937
heart_disease,L2_all_to_all,27,0.25,2,all_to_all,single,10,40,90,qubit_7_rot,-0.0875,0.3041666666657542,0.3863404539331434,-0.0213851928710937
heart_disease,L2_all_to_all,27,0.25,2,all_to_all,single,10,40,90,qubit_8_rot,-0.0597222222222216,0.3041666666657542,0.3863404539331434,-0.0213851928710937
heart_disease,L2_all_to_all,27,0.25,2,all_to_all,single,10,40,90,qubit_9_rot,-0.0041666666666666,0.3041666666657542,0.3863404539331434,-0.0213851928710937
heart_disease,L2_all_to_all,27,0.25,2,all_to_all,single,10,40,90,entangling_CNOT,-0.1013888888888887,0.3041666666657542,0.3863404539331434,-0.0213851928710937
heart_disease,L2_re_upload,7,0.25,2,linear,re_upload,10,40,18,qubit_0_rot,0.0545647804576375,0.3617201727793138,0.4037945479998248,-0.0214805603027343
heart_disease,L2_re_upload,7,0.25,2,linear,re_upload,10,40,18,qubit_1_rot,-0.0272591991341991,0.3617201727793138,0.4037945479998248,-0.0214805603027343
heart_disease,L2_re_upload,7,0.25,2,linear,re_upload,10,40,18,qubit_2_rot,0.0017161410018553,0.3617201727793138,0.4037945479998248,-0.0214805603027343
heart_disease,L2_re_upload,7,0.25,2,linear,re_upload,10,40,18,qubit_3_rot,-0.0193793805400948,0.3617201727793138,0.4037945479998248,-0.0214805603027343
heart_disease,L2_re_upload,7,0.25,2,linear,re_upload,10,40,18,qubit_4_rot,0.0355455060812203,0.3617201727793138,0.4037945479998248,-0.0214805603027343
heart_disease,L2_re_upload,7,0.25,2,linear,re_upload,10,40,18,qubit_5_rot,0.0600707328385899,0.3617201727793138,0.4037945479998248,-0.0214805603027343
heart_disease,L2_re_upload,7,0.25,2,linear,re_upload,10,40,18,qubit_6_rot,0.0487045196866625,0.3617201727793138,0.4037945479998248,-0.0214805603027343
heart_disease,L2_re_upload,7,0.25,2,linear,re_upload,10,40,18,qubit_7_rot,0.0665616625438054,0.3617201727793138,0.4037945479998248,-0.0214805603027343
heart_disease,L2_re_upload,7,0.25,2,linear,re_upload,10,40,18,qubit_8_rot,-0.0061920222634508,0.3617201727793138,0.4037945479998248,-0.0214805603027343
heart_disease,L2_re_upload,7,0.25,2,linear,re_upload,10,40,18,qubit_9_rot,-0.0552495619459905,0.3617201727793138,0.4037945479998248,-0.0214805603027343
heart_disease,L2_re_upload,7,0.25,2,linear,re_upload,10,40,18,entangling_CNOT,-0.2126546072974645,0.3617201727793138,0.4037945479998248,-0.0214805603027343
heart_disease,L2_re_upload,17,0.25,2,linear,re_upload,10,40,18,qubit_0_rot,-0.036598124098124,0.4014507272455324,0.4249491113356746,-0.0212440490722656
heart_disease,L2_re_upload,17,0.25,2,linear,re_upload,10,40,18,qubit_1_rot,-0.0124768089053803,0.4014507272455324,0.4249491113356746,-0.0212440490722656
heart_disease,L2_re_upload,17,0.25,2,linear,re_upload,10,40,18,qubit_2_rot,-0.0151057771593485,0.4014507272455324,0.4249491113356746,-0.0212440490722656
heart_disease,L2_re_upload,17,0.25,2,linear,re_upload,10,40,18,qubit_3_rot,0.015060039167182,0.4014507272455324,0.4249491113356746,-0.0212440490722656
heart_disease,L2_re_upload,17,0.25,2,linear,re_upload,10,40,18,qubit_4_rot,-0.0423166615130901,0.4014507272455324,0.4249491113356746,-0.0212440490722656
heart_disease,L2_re_upload,17,0.25,2,linear,re_upload,10,40,18,qubit_5_rot,-0.0075731807874665,0.4014507272455324,0.4249491113356746,-0.0212440490722656
heart_disease,L2_re_upload,17,0.25,2,linear,re_upload,10,40,18,qubit_6_rot,0.0446164450628736,0.4014507272455324,0.4249491113356746,-0.0212440490722656
heart_disease,L2_re_upload,17,0.25,2,linear,re_upload,10,40,18,qubit_7_rot,0.0238610595753452,0.4014507272455324,0.4249491113356746,-0.0212440490722656
heart_disease,L2_re_upload,17,0.25,2,linear,re_upload,10,40,18,qubit_8_rot,0.005904710368996,0.4014507272455324,0.4249491113356746,-0.0212440490722656
heart_disease,L2_re_upload,17,0.25,2,linear,re_upload,10,40,18,qubit_9_rot,0.0012490981240981,0.4014507272455324,0.4249491113356746,-0.0212440490722656
heart_disease,L2_re_upload,17,0.25,2,linear,re_upload,10,40,18,entangling_CNOT,-0.1373350855493709,0.4014507272455324,0.4249491113356746,-0.0212440490722656
heart_disease,L2_re_upload,27,0.25,2,linear,re_upload,10,40,18,qubit_0_rot,-0.0187139249639249,0.5116136919303453,0.4470262635753899,-0.0204200744628906
heart_disease,L2_re_upload,27,0.25,2,linear,re_upload,10,40,18,qubit_1_rot,0.016041366041366,0.5116136919303453,0.4470262635753899,-0.0204200744628906
heart_disease,L2_re_upload,27,0.25,2,linear,re_upload,10,40,18,qubit_2_rot,-0.0123647186147186,0.5116136919303453,0.4470262635753899,-0.0204200744628906
heart_disease,L2_re_upload,27,0.25,2,linear,re_upload,10,40,18,qubit_3_rot,0.0245400432900432,0.5116136919303453,0.4470262635753899,-0.0204200744628906
heart_disease,L2_re_upload,27,0.25,2,linear,re_upload,10,40,18,qubit_4_rot,0.0139911014911014,0.5116136919303453,0.4470262635753899,-0.0204200744628906
heart_disease,L2_re_upload,27,0.25,2,linear,re_upload,10,40,18,qubit_5_rot,-0.0056186868686868,0.5116136919303453,0.4470262635753899,-0.0204200744628906
heart_disease,L2_re_upload,27,0.25,2,linear,re_upload,10,40,18,qubit_6_rot,0.0446127946127946,0.5116136919303453,0.4470262635753899,-0.0204200744628906
heart_disease,L2_re_upload,27,0.25,2,linear,re_upload,10,40,18,qubit_7_rot,0.0267225829725829,0.5116136919303453,0.4470262635753899,-0.0204200744628906
heart_disease,L2_re_upload,27,0.25,2,linear,re_upload,10,40,18,qubit_8_rot,0.0442821067821067,0.5116136919303453,0.4470262635753899,-0.0204200744628906
heart_disease,L2_re_upload,27,0.25,2,linear,re_upload,10,40,18,qubit_9_rot,0.0020863395863395,0.5116136919303453,0.4470262635753899,-0.0204200744628906
heart_disease,L2_re_upload,27,0.25,2,linear,re_upload,10,40,18,entangling_CNOT,-0.2189123376623382,0.5116136919303453,0.4470262635753899,-0.0204200744628906
heart_disease,L2_all_to_all_re_upload,7,0.25,2,all_to_all,re_upload,10,40,90,qubit_0_rot,0.0,0.2743362831854329,0.3360433421644638,-0.0228347778320312
heart_disease,L2_all_to_all_re_upload,7,0.25,2,all_to_all,re_upload,10,40,90,qubit_1_rot,0.0,0.2743362831854329,0.3360433421644638,-0.0228347778320312
heart_disease,L2_all_to_all_re_upload,7,0.25,2,all_to_all,re_upload,10,40,90,qubit_2_rot,0.0,0.2743362831854329,0.3360433421644638,-0.0228347778320312
heart_disease,L2_all_to_all_re_upload,7,0.25,2,all_to_all,re_upload,10,40,90,qubit_3_rot,0.0,0.2743362831854329,0.3360433421644638,-0.0228347778320312
heart_disease,L2_all_to_all_re_upload,7,0.25,2,all_to_all,re_upload,10,40,90,qubit_4_rot,0.0,0.2743362831854329,0.3360433421644638,-0.0228347778320312
heart_disease,L2_all_to_all_re_upload,7,0.25,2,all_to_all,re_upload,10,40,90,qubit_5_rot,0.0,0.2743362831854329,0.3360433421644638,-0.0228347778320312
heart_disease,L2_all_to_all_re_upload,7,0.25,2,all_to_all,re_upload,10,40,90,qubit_6_rot,0.0,0.2743362831854329,0.3360433421644638,-0.0228347778320312
heart_disease,L2_all_to_all_re_upload,7,0.25,2,all_to_all,re_upload,10,40,90,qubit_7_rot,0.1488095238095237,0.2743362831854329,0.3360433421644638,-0.0228347778320312
heart_disease,L2_all_to_all_re_upload,7,0.25,2,all_to_all,re_upload,10,40,90,qubit_8_rot,-0.1755952380952381,0.2743362831854329,0.3360433421644638,-0.0228347778320312
heart_disease,L2_all_to_all_re_upload,7,0.25,2,all_to_all,re_upload,10,40,90,qubit_9_rot,-0.163690476190476,0.2743362831854329,0.3360433421644638,-0.0228347778320312
heart_disease,L2_all_to_all_re_upload,7,0.25,2,all_to_all,re_upload,10,40,90,entangling_CNOT,-0.1845238095238095,0.2743362831854329,0.3360433421644638,-0.0228347778320312
heart_disease,L2_all_to_all_re_upload,17,0.25,2,all_to_all,re_upload,10,40,90,qubit_0_rot,0.0,0.3583333333313267,0.3891222851132585,-0.0217323303222656
heart_disease,L2_all_to_all_re_upload,17,0.25,2,all_to_all,re_upload,10,40,90,qubit_1_rot,0.0,0.3583333333313267,0.3891222851132585,-0.0217323303222656
heart_disease,L2_all_to_all_re_upload,17,0.25,2,all_to_all,re_upload,10,40,90,qubit_2_rot,0.0,0.3583333333313267,0.3891222851132585,-0.0217323303222656
heart_disease,L2_all_to_all_re_upload,17,0.25,2,all_to_all,re_upload,10,40,90,qubit_3_rot,0.0,0.3583333333313267,0.3891222851132585,-0.0217323303222656
heart_disease,L2_all_to_all_re_upload,17,0.25,2,all_to_all,re_upload,10,40,90,qubit_4_rot,0.0,0.3583333333313267,0.3891222851132585,-0.0217323303222656
heart_disease,L2_all_to_all_re_upload,17,0.25,2,all_to_all,re_upload,10,40,90,qubit_5_rot,0.0,0.3583333333313267,0.3891222851132585,-0.0217323303222656
heart_disease,L2_all_to_all_re_upload,17,0.25,2,all_to_all,re_upload,10,40,90,qubit_6_rot,-0.0133928571428571,0.3583333333313267,0.3891222851132585,-0.0217323303222656
heart_disease,L2_all_to_all_re_upload,17,0.25,2,all_to_all,re_upload,10,40,90,qubit_7_rot,-0.0639880952380953,0.3583333333313267,0.3891222851132585,-0.0217323303222656
heart_disease,L2_all_to_all_re_upload,17,0.25,2,all_to_all,re_upload,10,40,90,qubit_8_rot,-0.0372023809523809,0.3583333333313267,0.3891222851132585,-0.0217323303222656
heart_disease,L2_all_to_all_re_upload,17,0.25,2,all_to_all,re_upload,10,40,90,qubit_9_rot,0.0,0.3583333333313267,0.3891222851132585,-0.0217323303222656
heart_disease,L2_all_to_all_re_upload,17,0.25,2,all_to_all,re_upload,10,40,90,entangling_CNOT,-0.0639880952380953,0.3583333333313267,0.3891222851132585,-0.0217323303222656
heart_disease,L2_all_to_all_re_upload,27,0.25,2,all_to_all,re_upload,10,40,90,qubit_0_rot,0.0,0.4699999999994353,0.3486001627513381,-0.0225982666015625
heart_disease,L2_all_to_all_re_upload,27,0.25,2,all_to_all,re_upload,10,40,90,qubit_1_rot,0.0,0.4699999999994353,0.3486001627513381,-0.0225982666015625
heart_disease,L2_all_to_all_re_upload,27,0.25,2,all_to_all,re_upload,10,40,90,qubit_2_rot,0.0,0.4699999999994353,0.3486001627513381,-0.0225982666015625
heart_disease,L2_all_to_all_re_upload,27,0.25,2,all_to_all,re_upload,10,40,90,qubit_3_rot,0.0,0.4699999999994353,0.3486001627513381,-0.0225982666015625
heart_disease,L2_all_to_all_re_upload,27,0.25,2,all_to_all,re_upload,10,40,90,qubit_4_rot,0.0,0.4699999999994353,0.3486001627513381,-0.0225982666015625
heart_disease,L2_all_to_all_re_upload,27,0.25,2,all_to_all,re_upload,10,40,90,qubit_5_rot,0.0,0.4699999999994353,0.3486001627513381,-0.0225982666015625
heart_disease,L2_all_to_all_re_upload,27,0.25,2,all_to_all,re_upload,10,40,90,qubit_6_rot,-0.1416666666666667,0.4699999999994353,0.3486001627513381,-0.0225982666015625
heart_disease,L2_all_to_all_re_upload,27,0.25,2,all_to_all,re_upload,10,40,90,qubit_7_rot,-0.1000000000000004,0.4699999999994353,0.3486001627513381,-0.0225982666015625
heart_disease,L2_all_to_all_re_upload,27,0.25,2,all_to_all,re_upload,10,40,90,qubit_8_rot,-0.1,0.4699999999994353,0.3486001627513381,-0.0225982666015625
heart_disease,L2_all_to_all_re_upload,27,0.25,2,all_to_all,re_upload,10,40,90,qubit_9_rot,-0.1,0.4699999999994353,0.3486001627513381,-0.0225982666015625
heart_disease,L2_all_to_all_re_upload,27,0.25,2,all_to_all,re_upload,10,40,90,entangling_CNOT,-0.3916666666666662,0.4699999999994353,0.3486001627513381,-0.0225982666015625
student_performance,L1_linear,7,0.25,1,linear,single,10,20,9,qubit_0_rot,-0.0476190476190475,0.5555555555546904,0.3941238429975748,-0.0214309692382812
student_performance,L1_linear,7,0.25,1,linear,single,10,20,9,qubit_1_rot,-0.0119047619047618,0.5555555555546904,0.3941238429975748,-0.0214309692382812
student_performance,L1_linear,7,0.25,1,linear,single,10,20,9,qubit_2_rot,-2.64338815386942e-19,0.5555555555546904,0.3941238429975748,-0.0214309692382812
student_performance,L1_linear,7,0.25,1,linear,single,10,20,9,qubit_3_rot,0.0,0.5555555555546904,0.3941238429975748,-0.0214309692382812
student_performance,L1_linear,7,0.25,1,linear,single,10,20,9,qubit_4_rot,0.0,0.5555555555546904,0.3941238429975748,-0.0214309692382812
student_performance,L1_linear,7,0.25,1,linear,single,10,20,9,qubit_5_rot,-2.64338815386942e-19,0.5555555555546904,0.3941238429975748,-0.0214309692382812
student_performance,L1_linear,7,0.25,1,linear,single,10,20,9,qubit_6_rot,0.0357142857142857,0.5555555555546904,0.3941238429975748,-0.0214309692382812
student_performance,L1_linear,7,0.25,1,linear,single,10,20,9,qubit_7_rot,-0.095238095238095,0.5555555555546904,0.3941238429975748,-0.0214309692382812
student_performance,L1_linear,7,0.25,1,linear,single,10,20,9,qubit_8_rot,-0.0952380952380955,0.5555555555546904,0.3941238429975748,-0.0214309692382812
student_performance,L1_linear,7,0.25,1,linear,single,10,20,9,qubit_9_rot,0.0,0.5555555555546904,0.3941238429975748,-0.0214309692382812
student_performance,L1_linear,7,0.25,1,linear,single,10,20,9,entangling_CNOT,-0.3571428571428558,0.5555555555546904,0.3941238429975748,-0.0214309692382812
student_performance,L1_linear,17,0.25,1,linear,single,10,20,9,qubit_0_rot,0.0,0.6698113207533885,0.3634667237965265,-0.0222930908203125
student_performance,L1_linear,17,0.25,1,linear,single,10,20,9,qubit_1_rot,-4.336808689942019e-19,0.6698113207533885,0.3634667237965265,-0.0222930908203125
student_performance,L1_linear,17,0.25,1,linear,single,10,20,9,qubit_2_rot,-0.0714285714285712,0.6698113207533885,0.3634667237965265,-0.0222930908203125
student_performance,L1_linear,17,0.25,1,linear,single,10,20,9,qubit_3_rot,0.0071428571428571,0.6698113207533885,0.3634667237965265,-0.0222930908203125
student_performance,L1_linear,17,0.25,1,linear,single,10,20,9,qubit_4_rot,0.019047619047619,0.6698113207533885,0.3634667237965265,-0.0222930908203125
student_performance,L1_linear,17,0.25,1,linear,single,10,20,9,qubit_5_rot,0.0119047619047619,0.6698113207533885,0.3634667237965265,-0.0222930908203125
student_performance,L1_linear,17,0.25,1,linear,single,10,20,9,qubit_6_rot,2.64338815386942e-19,0.6698113207533885,0.3634667237965265,-0.0222930908203125
student_performance,L1_linear,17,0.25,1,linear,single,10,20,9,qubit_7_rot,-0.0047619047619047,0.6698113207533885,0.3634667237965265,-0.0222930908203125
student_performance,L1_linear,17,0.25,1,linear,single,10,20,9,qubit_8_rot,-0.0523809523809529,0.6698113207533885,0.3634667237965265,-0.0222930908203125
student_performance,L1_linear,17,0.25,1,linear,single,10,20,9,qubit_9_rot,0.0,0.6698113207533885,0.3634667237965265,-0.0222930908203125
student_performance,L1_linear,17,0.25,1,linear,single,10,20,9,entangling_CNOT,-0.3380952380952365,0.6698113207533885,0.3634667237965265,-0.0222930908203125
student_performance,L1_linear,27,0.25,1,linear,single,10,20,9,qubit_0_rot,0.0,0.5642857142846659,0.3750191052490816,-0.0219383239746093
student_performance,L1_linear,27,0.25,1,linear,single,10,20,9,qubit_1_rot,-0.0115384615384614,0.5642857142846659,0.3750191052490816,-0.0219383239746093
student_performance,L1_linear,27,0.25,1,linear,single,10,20,9,qubit_2_rot,0.0,0.5642857142846659,0.3750191052490816,-0.0219383239746093
student_performance,L1_linear,27,0.25,1,linear,single,10,20,9,qubit_3_rot,-5.286776307738839e-19,0.5642857142846659,0.3750191052490816,-0.0219383239746093
student_performance,L1_linear,27,0.25,1,linear,single,10,20,9,qubit_4_rot,-5.286776307738839e-19,0.5642857142846659,0.3750191052490816,-0.0219383239746093
student_performance,L1_linear,27,0.25,1,linear,single,10,20,9,qubit_5_rot,-0.1076923076923075,0.5642857142846659,0.3750191052490816,-0.0219383239746093
student_performance,L1_linear,27,0.25,1,linear,single,10,20,9,qubit_6_rot,-0.0205128205128205,0.5642857142846659,0.3750191052490816,-0.0219383239746093
student_performance,L1_linear,27,0.25,1,linear,single,10,20,9,qubit_7_rot,5.204170427930421e-18,0.5642857142846659,0.3750191052490816,-0.0219383239746093
student_performance,L1_linear,27,0.25,1,linear,single,10,20,9,qubit_8_rot,-0.3038461538461531,0.5642857142846659,0.3750191052490816,-0.0219383239746093
student_performance,L1_linear,27,0.25,1,linear,single,10,20,9,qubit_9_rot,0.0,0.5642857142846659,0.3750191052490816,-0.0219383239746093
student_performance,L1_linear,27,0.25,1,linear,single,10,20,9,entangling_CNOT,-0.0948717948717949,0.5642857142846659,0.3750191052490816,-0.0219383239746093
student_performance,L2_linear,7,0.25,2,linear,single,10,40,18,qubit_0_rot,-0.0416975881261596,0.3836441804860486,0.427584772110267,-0.0209579467773437
student_performance,L2_linear,7,0.25,2,linear,single,10,40,18,qubit_1_rot,0.0446969696969696,0.3836441804860486,0.427584772110267,-0.0209579467773437
student_performance,L2_linear,7,0.25,2,linear,single,10,40,18,qubit_2_rot,0.0575937950937951,0.3836441804860486,0.427584772110267,-0.0209579467773437
student_performance,L2_linear,7,0.25,2,linear,single,10,40,18,qubit_3_rot,0.0339259946402803,0.3836441804860486,0.427584772110267,-0.0209579467773437
student_performance,L2_linear,7,0.25,2,linear,single,10,40,18,qubit_4_rot,-0.0334209441352298,0.3836441804860486,0.427584772110267,-0.0209579467773437
student_performance,L2_linear,7,0.25,2,linear,single,10,40,18,qubit_5_rot,-0.0031204906204906,0.3836441804860486,0.427584772110267,-0.0209579467773437
student_performance,L2_linear,7,0.25,2,linear,single,10,40,18,qubit_6_rot,-0.0439084724799012,0.3836441804860486,0.427584772110267,-0.0209579467773437
student_performance,L2_linear,7,0.25,2,linear,single,10,40,18,qubit_7_rot,0.0234951556380127,0.3836441804860486,0.427584772110267,-0.0209579467773437
student_performance,L2_linear,7,0.25,2,linear,single,10,40,18,qubit_8_rot,-0.1390615337043917,0.3836441804860486,0.427584772110267,-0.0209579467773437
student_performance,L2_linear,7,0.25,2,linear,single,10,40,18,qubit_9_rot,-0.0401102865388579,0.3836441804860486,0.427584772110267,-0.0209579467773437
student_performance,L2_linear,7,0.25,2,linear,single,10,40,18,entangling_CNOT,-0.2869640280354574,0.3836441804860486,0.427584772110267,-0.0209579467773437
student_performance,L2_linear,17,0.25,2,linear,single,10,40,18,qubit_0_rot,0.0151077097505668,0.2866853258693631,0.3538030022813272,-0.0222282409667968
student_performance,L2_linear,17,0.25,2,linear,single,10,40,18,qubit_1_rot,0.0278061224489795,0.2866853258693631,0.3538030022813272,-0.0222282409667968
student_performance,L2_linear,17,0.25,2,linear,single,10,40,18,qubit_2_rot,-0.2696428571428576,0.2866853258693631,0.3538030022813272,-0.0222282409667968
student_performance,L2_linear,17,0.25,2,linear,single,10,40,18,qubit_3_rot,-0.0847222222222222,0.2866853258693631,0.3538030022813272,-0.0222282409667968
student_performance,L2_linear,17,0.25,2,linear,single,10,40,18,qubit_4_rot,0.0831349206349206,0.2866853258693631,0.3538030022813272,-0.0222282409667968
student_performance,L2_linear,17,0.25,2,linear,single,10,40,18,qubit_5_rot,-0.0688492063492063,0.2866853258693631,0.3538030022813272,-0.0222282409667968
student_performance,L2_linear,17,0.25,2,linear,single,10,40,18,qubit_6_rot,0.0270408163265306,0.2866853258693631,0.3538030022813272,-0.0222282409667968
student_performance,L2_linear,17,0.25,2,linear,single,10,40,18,qubit_7_rot,0.0213435374149659,0.2866853258693631,0.3538030022813272,-0.0222282409667968
student_performance,L2_linear,17,0.25,2,linear,single,10,40,18,qubit_8_rot,-0.1099206349206362,0.2866853258693631,0.3538030022813272,-0.0222282409667968
student_performance,L2_linear,17,0.25,2,linear,single,10,40,18,qubit_9_rot,0.0003684807256235,0.2866853258693631,0.3538030022813272,-0.0222282409667968
student_performance,L2_linear,17,0.25,2,linear,single,10,40,18,entangling_CNOT,-0.28452380952381,0.2866853258693631,0.3538030022813272,-0.0222282409667968
student_performance,L2_linear,27,0.25,2,linear,single,10,40,18,qubit_0_rot,-0.0136752136752136,0.469653059533377,0.4670064130479886,-0.0203323364257812
student_performance,L2_linear,27,0.25,2,linear,single,10,40,18,qubit_1_rot,-0.0138125763125763,0.469653059533377,0.4670064130479886,-0.0203323364257812
student_performance,L2_linear,27,0.25,2,linear,single,10,40,18,qubit_2_rot,-6.0715321659188256e-18,0.469653059533377,0.4670064130479886,-0.0203323364257812
student_performance,L2_linear,27,0.25,2,linear,single,10,40,18,qubit_3_rot,0.0150641025641025,0.469653059533377,0.4670064130479886,-0.0203323364257812
student_performance,L2_linear,27,0.25,2,linear,single,10,40,18,qubit_4_rot,0.0210775335775335,0.469653059533377,0.4670064130479886,-0.0203323364257812
student_performance,L2_linear,27,0.25,2,linear,single,10,40,18,qubit_5_rot,0.0890873015873016,0.469653059533377,0.4670064130479886,-0.0203323364257812
student_performance,L2_linear,27,0.25,2,linear,single,10,40,18,qubit_6_rot,-0.0028998778998779,0.469653059533377,0.4670064130479886,-0.0203323364257812
student_performance,L2_linear,27,0.25,2,linear,single,10,40,18,qubit_7_rot,-0.0067002442002442,0.469653059533377,0.4670064130479886,-0.0203323364257812
student_performance,L2_linear,27,0.25,2,linear,single,10,40,18,qubit_8_rot,-0.1731379731379721,0.469653059533377,0.4670064130479886,-0.0203323364257812
student_performance,L2_linear,27,0.25,2,linear,single,10,40,18,qubit_9_rot,0.0014041514041514,0.469653059533377,0.4670064130479886,-0.0203323364257812
student_performance,L2_linear,27,0.25,2,linear,single,10,40,18,entangling_CNOT,-0.0317918192918194,0.469653059533377,0.4670064130479886,-0.0203323364257812
student_performance,L1_all_to_all,7,0.25,1,all_to_all,single,10,20,45,qubit_0_rot,0.0,0.4666666666660131,0.2921820866316634,-0.0236625671386718
student_performance,L1_all_to_all,7,0.25,1,all_to_all,single,10,20,45,qubit_1_rot,0.0,0.4666666666660131,0.2921820866316634,-0.0236625671386718
student_performance,L1_all_to_all,7,0.25,1,all_to_all,single,10,20,45,qubit_2_rot,0.0,0.4666666666660131,0.2921820866316634,-0.0236625671386718
student_performance,L1_all_to_all,7,0.25,1,all_to_all,single,10,20,45,qubit_3_rot,0.0,0.4666666666660131,0.2921820866316634,-0.0236625671386718
student_performance,L1_all_to_all,7,0.25,1,all_to_all,single,10,20,45,qubit_4_rot,0.0,0.4666666666660131,0.2921820866316634,-0.0236625671386718
student_performance,L1_all_to_all,7,0.25,1,all_to_all,single,10,20,45,qubit_5_rot,0.0,0.4666666666660131,0.2921820866316634,-0.0236625671386718
student_performance,L1_all_to_all,7,0.25,1,all_to_all,single,10,20,45,qubit_6_rot,0.0,0.4666666666660131,0.2921820866316634,-0.0236625671386718
student_performance,L1_all_to_all,7,0.25,1,all_to_all,single,10,20,45,qubit_7_rot,-0.3333333333333334,0.4666666666660131,0.2921820866316634,-0.0236625671386718
student_performance,L1_all_to_all,7,0.25,1,all_to_all,single,10,20,45,qubit_8_rot,-0.047619047619048,0.4666666666660131,0.2921820866316634,-0.0236625671386718
student_performance,L1_all_to_all,7,0.25,1,all_to_all,single,10,20,45,qubit_9_rot,0.0,0.4666666666660131,0.2921820866316634,-0.0236625671386718
student_performance,L1_all_to_all,7,0.25,1,all_to_all,single,10,20,45,entangling_CNOT,-0.3333333333333334,0.4666666666660131,0.2921820866316634,-0.0236625671386718
student_performance,L1_all_to_all,17,0.25,1,all_to_all,single,10,20,45,qubit_0_rot,0.0,0.3333333333321696,0.2596214415784572,-0.0243492126464843
student_performance,L1_all_to_all,17,0.25,1,all_to_all,single,10,20,45,qubit_1_rot,0.0,0.3333333333321696,0.2596214415784572,-0.0243492126464843
student_performance,L1_all_to_all,17,0.25,1,all_to_all,single,10,20,45,qubit_2_rot,0.0,0.3333333333321696,0.2596214415784572,-0.0243492126464843
student_performance,L1_all_to_all,17,0.25,1,all_to_all,single,10,20,45,qubit_3_rot,0.0,0.3333333333321696,0.2596214415784572,-0.0243492126464843
student_performance,L1_all_to_all,17,0.25,1,all_to_all,single,10,20,45,qubit_4_rot,0.0,0.3333333333321696,0.2596214415784572,-0.0243492126464843
student_performance,L1_all_to_all,17,0.25,1,all_to_all,single,10,20,45,qubit_5_rot,0.0,0.3333333333321696,0.2596214415784572,-0.0243492126464843
student_performance,L1_all_to_all,17,0.25,1,all_to_all,single,10,20,45,qubit_6_rot,0.0,0.3333333333321696,0.2596214415784572,-0.0243492126464843
student_performance,L1_all_to_all,17,0.25,1,all_to_all,single,10,20,45,qubit_7_rot,-0.0952380952380949,0.3333333333321696,0.2596214415784572,-0.0243492126464843
student_performance,L1_all_to_all,17,0.25,1,all_to_all,single,10,20,45,qubit_8_rot,-0.0952380952380962,0.3333333333321696,0.2596214415784572,-0.0243492126464843
student_performance,L1_all_to_all,17,0.25,1,all_to_all,single,10,20,45,qubit_9_rot,0.0,0.3333333333321696,0.2596214415784572,-0.0243492126464843
student_performance,L1_all_to_all,17,0.25,1,all_to_all,single,10,20,45,entangling_CNOT,-0.0952380952380949,0.3333333333321696,0.2596214415784572,-0.0243492126464843
student_performance,L1_all_to_all,27,0.25,1,all_to_all,single,10,20,45,qubit_0_rot,0.0,0.7499999999983737,0.3167093800199145,-0.0229988098144531
student_performance,L1_all_to_all,27,0.25,1,all_to_all,single,10,20,45,qubit_1_rot,0.0,0.7499999999983737,0.3167093800199145,-0.0229988098144531
student_performance,L1_all_to_all,27,0.25,1,all_to_all,single,10,20,45,qubit_2_rot,0.0,0.7499999999983737,0.3167093800199145,-0.0229988098144531
student_performance,L1_all_to_all,27,0.25,1,all_to_all,single,10,20,45,qubit_3_rot,0.0,0.7499999999983737,0.3167093800199145,-0.0229988098144531
student_performance,L1_all_to_all,27,0.25,1,all_to_all,single,10,20,45,qubit_4_rot,0.0,0.7499999999983737,0.3167093800199145,-0.0229988098144531
student_performance,L1_all_to_all,27,0.25,1,all_to_all,single,10,20,45,qubit_5_rot,0.0,0.7499999999983737,0.3167093800199145,-0.0229988098144531
student_performance,L1_all_to_all,27,0.25,1,all_to_all,single,10,20,45,qubit_6_rot,0.0,0.7499999999983737,0.3167093800199145,-0.0229988098144531
student_performance,L1_all_to_all,27,0.25,1,all_to_all,single,10,20,45,qubit_7_rot,-0.0576923076923077,0.7499999999983737,0.3167093800199145,-0.0229988098144531
student_performance,L1_all_to_all,27,0.25,1,all_to_all,single,10,20,45,qubit_8_rot,-0.3461538461538441,0.7499999999983737,0.3167093800199145,-0.0229988098144531
student_performance,L1_all_to_all,27,0.25,1,all_to_all,single,10,20,45,qubit_9_rot,0.0,0.7499999999983737,0.3167093800199145,-0.0229988098144531
student_performance,L1_all_to_all,27,0.25,1,all_to_all,single,10,20,45,entangling_CNOT,-0.0576923076923077,0.7499999999983737,0.3167093800199145,-0.0229988098144531
student_performance,L2_all_to_all,7,0.25,2,all_to_all,single,10,40,90,qubit_0_rot,0.0,0.3961352656996809,0.3745124008560309,-0.0220260620117187
student_performance,L2_all_to_all,7,0.25,2,all_to_all,single,10,40,90,qubit_1_rot,0.0,0.3961352656996809,0.3745124008560309,-0.0220260620117187
student_performance,L2_all_to_all,7,0.25,2,all_to_all,single,10,40,90,qubit_2_rot,0.0,0.3961352656996809,0.3745124008560309,-0.0220260620117187
student_performance,L2_all_to_all,7,0.25,2,all_to_all,single,10,40,90,qubit_3_rot,0.0,0.3961352656996809,0.3745124008560309,-0.0220260620117187
student_performance,L2_all_to_all,7,0.25,2,all_to_all,single,10,40,90,qubit_4_rot,0.0,0.3961352656996809,0.3745124008560309,-0.0220260620117187
student_performance,L2_all_to_all,7,0.25,2,all_to_all,single,10,40,90,qubit_5_rot,0.0,0.3961352656996809,0.3745124008560309,-0.0220260620117187
student_performance,L2_all_to_all,7,0.25,2,all_to_all,single,10,40,90,qubit_6_rot,-0.0345238095238095,0.3961352656996809,0.3745124008560309,-0.0220260620117187
student_performance,L2_all_to_all,7,0.25,2,all_to_all,single,10,40,90,qubit_7_rot,0.1023809523809523,0.3961352656996809,0.3745124008560309,-0.0220260620117187
student_performance,L2_all_to_all,7,0.25,2,all_to_all,single,10,40,90,qubit_8_rot,-0.1952380952380966,0.3961352656996809,0.3745124008560309,-0.0220260620117187
student_performance,L2_all_to_all,7,0.25,2,all_to_all,single,10,40,90,qubit_9_rot,0.0011904761904762,0.3961352656996809,0.3745124008560309,-0.0220260620117187
student_performance,L2_all_to_all,7,0.25,2,all_to_all,single,10,40,90,entangling_CNOT,-0.1595238095238097,0.3961352656996809,0.3745124008560309,-0.0220260620117187
student_performance,L2_all_to_all,17,0.25,2,all_to_all,single,10,40,90,qubit_0_rot,0.0,0.6999999999960829,0.3222333927776224,-0.022918701171875
student_performance,L2_all_to_all,17,0.25,2,all_to_all,single,10,40,90,qubit_1_rot,0.0,0.6999999999960829,0.3222333927776224,-0.022918701171875
student_performance,L2_all_to_all,17,0.25,2,all_to_all,single,10,40,90,qubit_2_rot,0.0,0.6999999999960829,0.3222333927776224,-0.022918701171875
student_performance,L2_all_to_all,17,0.25,2,all_to_all,single,10,40,90,qubit_3_rot,0.0,0.6999999999960829,0.3222333927776224,-0.022918701171875
student_performance,L2_all_to_all,17,0.25,2,all_to_all,single,10,40,90,qubit_4_rot,0.0,0.6999999999960829,0.3222333927776224,-0.022918701171875
student_performance,L2_all_to_all,17,0.25,2,all_to_all,single,10,40,90,qubit_5_rot,0.0,0.6999999999960829,0.3222333927776224,-0.022918701171875
student_performance,L2_all_to_all,17,0.25,2,all_to_all,single,10,40,90,qubit_6_rot,0.0178571428571428,0.6999999999960829,0.3222333927776224,-0.022918701171875
student_performance,L2_all_to_all,17,0.25,2,all_to_all,single,10,40,90,qubit_7_rot,0.0178571428571428,0.6999999999960829,0.3222333927776224,-0.022918701171875
student_performance,L2_all_to_all,17,0.25,2,all_to_all,single,10,40,90,qubit_8_rot,-0.1250000000000017,0.6999999999960829,0.3222333927776224,-0.022918701171875
student_performance,L2_all_to_all,17,0.25,2,all_to_all,single,10,40,90,qubit_9_rot,0.0,0.6999999999960829,0.3222333927776224,-0.022918701171875
student_performance,L2_all_to_all,17,0.25,2,all_to_all,single,10,40,90,entangling_CNOT,0.0178571428571428,0.6999999999960829,0.3222333927776224,-0.022918701171875
student_performance,L2_all_to_all,27,0.25,2,all_to_all,single,10,40,90,qubit_0_rot,0.0,0.6369047619035783,0.3921815266744655,-0.0215797424316406
student_performance,L2_all_to_all,27,0.25,2,all_to_all,single,10,40,90,qubit_1_rot,0.0,0.6369047619035783,0.3921815266744655,-0.0215797424316406
student_performance,L2_all_to_all,27,0.25,2,all_to_all,single,10,40,90,qubit_2_rot,0.0,0.6369047619035783,0.3921815266744655,-0.0215797424316406
student_performance,L2_all_to_all,27,0.25,2,all_to_all,single,10,40,90,qubit_3_rot,0.0,0.6369047619035783,0.3921815266744655,-0.0215797424316406
student_performance,L2_all_to_all,27,0.25,2,all_to_all,single,10,40,90,qubit_4_rot,0.0,0.6369047619035783,0.3921815266744655,-0.0215797424316406
student_performance,L2_all_to_all,27,0.25,2,all_to_all,single,10,40,90,qubit_5_rot,0.0,0.6369047619035783,0.3921815266744655,-0.0215797424316406
student_performance,L2_all_to_all,27,0.25,2,all_to_all,single,10,40,90,qubit_6_rot,-0.0064102564102564,0.6369047619035783,0.3921815266744655,-0.0215797424316406
student_performance,L2_all_to_all,27,0.25,2,all_to_all,single,10,40,90,qubit_7_rot,-0.048076923076923,0.6369047619035783,0.3921815266744655,-0.0215797424316406
student_performance,L2_all_to_all,27,0.25,2,all_to_all,single,10,40,90,qubit_8_rot,-0.3429487179487165,0.6369047619035783,0.3921815266744655,-0.0215797424316406
student_performance,L2_all_to_all,27,0.25,2,all_to_all,single,10,40,90,qubit_9_rot,-0.1057692307692307,0.6369047619035783,0.3921815266744655,-0.0215797424316406
student_performance,L2_all_to_all,27,0.25,2,all_to_all,single,10,40,90,entangling_CNOT,-0.0352564102564102,0.6369047619035783,0.3921815266744655,-0.0215797424316406
student_performance,L2_re_upload,7,0.25,2,linear,re_upload,10,40,18,qubit_0_rot,0.0349747474747474,0.7292719445990873,0.4084006843971598,-0.0214729309082031
student_performance,L2_re_upload,7,0.25,2,linear,re_upload,10,40,18,qubit_1_rot,0.0017831374974232,0.7292719445990873,0.4084006843971598,-0.0214729309082031
student_performance,L2_re_upload,7,0.25,2,linear,re_upload,10,40,18,qubit_2_rot,-0.0171511028653885,0.7292719445990873,0.4084006843971598,-0.0214729309082031
student_performance,L2_re_upload,7,0.25,2,linear,re_upload,10,40,18,qubit_3_rot,-0.0007111935683364,0.7292719445990873,0.4084006843971598,-0.0214729309082031
student_performance,L2_re_upload,7,0.25,2,linear,re_upload,10,40,18,qubit_4_rot,0.0094078540507111,0.7292719445990873,0.4084006843971598,-0.0214729309082031
student_performance,L2_re_upload,7,0.25,2,linear,re_upload,10,40,18,qubit_5_rot,-0.0194753659039373,0.7292719445990873,0.4084006843971598,-0.0214729309082031
student_performance,L2_re_upload,7,0.25,2,linear,re_upload,10,40,18,qubit_6_rot,0.0360235003092145,0.7292719445990873,0.4084006843971598,-0.0214729309082031
student_performance,L2_re_upload,7,0.25,2,linear,re_upload,10,40,18,qubit_7_rot,0.014594928880643,0.7292719445990873,0.4084006843971598,-0.0214729309082031
student_performance,L2_re_upload,7,0.25,2,linear,re_upload,10,40,18,qubit_8_rot,-0.0003710575139146,0.7292719445990873,0.4084006843971598,-0.0214729309082031
student_performance,L2_re_upload,7,0.25,2,linear,re_upload,10,40,18,qubit_9_rot,-0.0146000824572252,0.7292719445990873,0.4084006843971598,-0.0214729309082031
student_performance,L2_re_upload,7,0.25,2,linear,re_upload,10,40,18,entangling_CNOT,-0.4016182230467936,0.7292719445990873,0.4084006843971598,-0.0214729309082031
student_performance,L2_re_upload,17,0.25,2,linear,re_upload,10,40,18,qubit_0_rot,-0.0359126984126984,0.4446466356320077,0.4320369985717388,-0.0209617614746093
student_performance,L2_re_upload,17,0.25,2,linear,re_upload,10,40,18,qubit_1_rot,-0.0821995464852607,0.4446466356320077,0.4320369985717388,-0.0209617614746093
student_performance,L2_re_upload,17,0.25,2,linear,re_upload,10,40,18,qubit_2_rot,0.017063492063492,0.4446466356320077,0.4320369985717388,-0.0209617614746093
student_performance,L2_re_upload,17,0.25,2,linear,re_upload,10,40,18,qubit_3_rot,0.0617063492063491,0.4446466356320077,0.4320369985717388,-0.0209617614746093
student_performance,L2_re_upload,17,0.25,2,linear,re_upload,10,40,18,qubit_4_rot,0.0508219954648526,0.4446466356320077,0.4320369985717388,-0.0209617614746093
student_performance,L2_re_upload,17,0.25,2,linear,re_upload,10,40,18,qubit_5_rot,0.0267290249433106,0.4446466356320077,0.4320369985717388,-0.0209617614746093
student_performance,L2_re_upload,17,0.25,2,linear,re_upload,10,40,18,qubit_6_rot,-0.0179988662131519,0.4446466356320077,0.4320369985717388,-0.0209617614746093
student_performance,L2_re_upload,17,0.25,2,linear,re_upload,10,40,18,qubit_7_rot,-0.0694160997732425,0.4446466356320077,0.4320369985717388,-0.0209617614746093
student_performance,L2_re_upload,17,0.25,2,linear,re_upload,10,40,18,qubit_8_rot,-0.0032029478458049,0.4446466356320077,0.4320369985717388,-0.0209617614746093
student_performance,L2_re_upload,17,0.25,2,linear,re_upload,10,40,18,qubit_9_rot,-0.0069160997732426,0.4446466356320077,0.4320369985717388,-0.0209617614746093
student_performance,L2_re_upload,17,0.25,2,linear,re_upload,10,40,18,entangling_CNOT,-0.2978174603174617,0.4446466356320077,0.4320369985717388,-0.0209617614746093
student_performance,L2_re_upload,27,0.25,2,linear,re_upload,10,40,18,qubit_0_rot,0.0152972027972028,0.5880849665633571,0.4140559584646902,-0.0212783813476562
student_performance,L2_re_upload,27,0.25,2,linear,re_upload,10,40,18,qubit_1_rot,-0.0406551781551781,0.5880849665633571,0.4140559584646902,-0.0212783813476562
student_performance,L2_re_upload,27,0.25,2,linear,re_upload,10,40,18,qubit_2_rot,0.0084443334443334,0.5880849665633571,0.4140559584646902,-0.0212783813476562
student_performance,L2_re_upload,27,0.25,2,linear,re_upload,10,40,18,qubit_3_rot,0.047058497058497,0.5880849665633571,0.4140559584646902,-0.0212783813476562
student_performance,L2_re_upload,27,0.25,2,linear,re_upload,10,40,18,qubit_4_rot,-0.0007437007437007,0.5880849665633571,0.4140559584646902,-0.0212783813476562
student_performance,L2_re_upload,27,0.25,2,linear,re_upload,10,40,18,qubit_5_rot,0.0383588633588633,0.5880849665633571,0.4140559584646902,-0.0212783813476562
student_performance,L2_re_upload,27,0.25,2,linear,re_upload,10,40,18,qubit_6_rot,0.0113289488289488,0.5880849665633571,0.4140559584646902,-0.0212783813476562
student_performance,L2_re_upload,27,0.25,2,linear,re_upload,10,40,18,qubit_7_rot,-0.0140678765678765,0.5880849665633571,0.4140559584646902,-0.0212783813476562
student_performance,L2_re_upload,27,0.25,2,linear,re_upload,10,40,18,qubit_8_rot,0.0113899988899988,0.5880849665633571,0.4140559584646902,-0.0212783813476562
student_performance,L2_re_upload,27,0.25,2,linear,re_upload,10,40,18,qubit_9_rot,-0.000514763014763,0.5880849665633571,0.4140559584646902,-0.0212783813476562
student_performance,L2_re_upload,27,0.25,2,linear,re_upload,10,40,18,entangling_CNOT,-0.2682040182040181,0.5880849665633571,0.4140559584646902,-0.0212783813476562
student_performance,L2_all_to_all_re_upload,7,0.25,2,all_to_all,re_upload,10,40,90,qubit_0_rot,0.0,0.5924369747888707,0.3174695338675125,-0.0232315063476562
student_performance,L2_all_to_all_re_upload,7,0.25,2,all_to_all,re_upload,10,40,90,qubit_1_rot,0.0,0.5924369747888707,0.3174695338675125,-0.0232315063476562
student_performance,L2_all_to_all_re_upload,7,0.25,2,all_to_all,re_upload,10,40,90,qubit_2_rot,0.0,0.5924369747888707,0.3174695338675125,-0.0232315063476562
student_performance,L2_all_to_all_re_upload,7,0.25,2,all_to_all,re_upload,10,40,90,qubit_3_rot,0.0,0.5924369747888707,0.3174695338675125,-0.0232315063476562
student_performance,L2_all_to_all_re_upload,7,0.25,2,all_to_all,re_upload,10,40,90,qubit_4_rot,0.0,0.5924369747888707,0.3174695338675125,-0.0232315063476562
student_performance,L2_all_to_all_re_upload,7,0.25,2,all_to_all,re_upload,10,40,90,qubit_5_rot,0.0,0.5924369747888707,0.3174695338675125,-0.0232315063476562
student_performance,L2_all_to_all_re_upload,7,0.25,2,all_to_all,re_upload,10,40,90,qubit_6_rot,-0.0083333333333332,0.5924369747888707,0.3174695338675125,-0.0232315063476562
student_performance,L2_all_to_all_re_upload,7,0.25,2,all_to_all,re_upload,10,40,90,qubit_7_rot,-0.0023809523809524,0.5924369747888707,0.3174695338675125,-0.0232315063476562
student_performance,L2_all_to_all_re_upload,7,0.25,2,all_to_all,re_upload,10,40,90,qubit_8_rot,0.1047619047619048,0.5924369747888707,0.3174695338675125,-0.0232315063476562
student_performance,L2_all_to_all_re_upload,7,0.25,2,all_to_all,re_upload,10,40,90,qubit_9_rot,-0.1154761904761906,0.5924369747888707,0.3174695338675125,-0.0232315063476562
student_performance,L2_all_to_all_re_upload,7,0.25,2,all_to_all,re_upload,10,40,90,entangling_CNOT,-0.3357142857142863,0.5924369747888707,0.3174695338675125,-0.0232315063476562
student_performance,L2_all_to_all_re_upload,17,0.25,2,all_to_all,re_upload,10,40,90,qubit_0_rot,0.0,0.5227272727260256,0.3628682693149707,-0.0222587585449218
student_performance,L2_all_to_all_re_upload,17,0.25,2,all_to_all,re_upload,10,40,90,qubit_1_rot,0.0,0.5227272727260256,0.3628682693149707,-0.0222587585449218
student_performance,L2_all_to_all_re_upload,17,0.25,2,all_to_all,re_upload,10,40,90,qubit_2_rot,0.0,0.5227272727260256,0.3628682693149707,-0.0222587585449218
student_performance,L2_all_to_all_re_upload,17,0.25,2,all_to_all,re_upload,10,40,90,qubit_3_rot,0.0,0.5227272727260256,0.3628682693149707,-0.0222587585449218
student_performance,L2_all_to_all_re_upload,17,0.25,2,all_to_all,re_upload,10,40,90,qubit_4_rot,0.0,0.5227272727260256,0.3628682693149707,-0.0222587585449218
student_performance,L2_all_to_all_re_upload,17,0.25,2,all_to_all,re_upload,10,40,90,qubit_5_rot,0.0,0.5227272727260256,0.3628682693149707,-0.0222587585449218
student_performance,L2_all_to_all_re_upload,17,0.25,2,all_to_all,re_upload,10,40,90,qubit_6_rot,-0.0285714285714286,0.5227272727260256,0.3628682693149707,-0.0222587585449218
student_performance,L2_all_to_all_re_upload,17,0.25,2,all_to_all,re_upload,10,40,90,qubit_7_rot,-0.1119047619047618,0.5227272727260256,0.3628682693149707,-0.0222587585449218
student_performance,L2_all_to_all_re_upload,17,0.25,2,all_to_all,re_upload,10,40,90,qubit_8_rot,0.0309523809523809,0.5227272727260256,0.3628682693149707,-0.0222587585449218
student_performance,L2_all_to_all_re_upload,17,0.25,2,all_to_all,re_upload,10,40,90,qubit_9_rot,-0.0285714285714285,0.5227272727260256,0.3628682693149707,-0.0222587585449218
student_performance,L2_all_to_all_re_upload,17,0.25,2,all_to_all,re_upload,10,40,90,entangling_CNOT,-0.2190476190476192,0.5227272727260256,0.3628682693149707,-0.0222587585449218
student_performance,L2_all_to_all_re_upload,27,0.25,2,all_to_all,re_upload,10,40,90,qubit_0_rot,0.0,0.3388888888883994,0.4039328200983075,-0.0214080810546875
student_performance,L2_all_to_all_re_upload,27,0.25,2,all_to_all,re_upload,10,40,90,qubit_1_rot,0.0,0.3388888888883994,0.4039328200983075,-0.0214080810546875
student_performance,L2_all_to_all_re_upload,27,0.25,2,all_to_all,re_upload,10,40,90,qubit_2_rot,0.0,0.3388888888883994,0.4039328200983075,-0.0214080810546875
student_performance,L2_all_to_all_re_upload,27,0.25,2,all_to_all,re_upload,10,40,90,qubit_3_rot,0.0,0.3388888888883994,0.4039328200983075,-0.0214080810546875
student_performance,L2_all_to_all_re_upload,27,0.25,2,all_to_all,re_upload,10,40,90,qubit_4_rot,0.0,0.3388888888883994,0.4039328200983075,-0.0214080810546875
student_performance,L2_all_to_all_re_upload,27,0.25,2,all_to_all,re_upload,10,40,90,qubit_5_rot,0.0,0.3388888888883994,0.4039328200983075,-0.0214080810546875
student_performance,L2_all_to_all_re_upload,27,0.25,2,all_to_all,re_upload,10,40,90,qubit_6_rot,-0.1192307692307692,0.3388888888883994,0.4039328200983075,-0.0214080810546875
student_performance,L2_all_to_all_re_upload,27,0.25,2,all_to_all,re_upload,10,40,90,qubit_7_rot,-0.1961538461538461,0.3388888888883994,0.4039328200983075,-0.0214080810546875
student_performance,L2_all_to_all_re_upload,27,0.25,2,all_to_all,re_upload,10,40,90,qubit_8_rot,-0.0807692307692307,0.3388888888883994,0.4039328200983075,-0.0214080810546875
student_performance,L2_all_to_all_re_upload,27,0.25,2,all_to_all,re_upload,10,40,90,qubit_9_rot,-0.0615384615384615,0.3388888888883994,0.4039328200983075,-0.0214080810546875
student_performance,L2_all_to_all_re_upload,27,0.25,2,all_to_all,re_upload,10,40,90,entangling_CNOT,-0.2346153846153846,0.3388888888883994,0.4039328200983075,-0.0214080810546875
